ruta_imagen,correcto
render_0000.png,true
render_0001.png,false
render_0002.png,true
render_0003.png,false
render_0004.png,true
render_0005.png,false
render_0006.png,false
render_0007.png,false
render_0008.png,false
render_0009.png,true
render_0010.png,true
render_0011.png,false
render_0012.png,false
render_0013.png,false
render_0014.png,true
render_0015.png,true
render_0016.png,false
render_0017.png,false
render_0018.png,false
render_0019.png,false
render_0020.png,true
render_0021.png,false
render_0022.png,false
render_0023.png,false
render_0024.png,false
render_0025.png,false
render_0026.png,false
render_0027.png,true
render_0028.png,false
render_0029.png,false
render_0030.png,false
render_0031.png,false
render_0032.png,false
render_0033.png,false
render_0034.png,false
render_0035.png,false
render_0036.png,false
render_0037.png,false
render_0038.png,false
render_0039.png,false
render_0040.png,true
render_0041.png,true
render_0042.png,false
render_0043.png,true
render_0044.png,false
render_0045.png,true
render_0046.png,false
render_0047.png,true
render_0048.png,true
render_0049.png,true
render_0050.png,false
render_0051.png,true
render_0052.png,true
render_0053.png,false
render_0054.png,false
render_0055.png,true
render_0056.png,false
render_0057.png,true
render_0058.png,false
render_0059.png,false
render_0060.png,false
render_0061.png,false
render_0062.png,false
render_0063.png,false
render_0064.png,true
render_0065.png,false
render_0066.png,true
render_0067.png,false
render_0068.png,false
render_0069.png,false
render_0070.png,false
render_0071.png,false
render_0072.png,true
render_0073.png,true
render_0074.png,false
render_0075.png,false
render_0076.png,false
render_0077.png,false
render_0078.png,false
render_0079.png,false
render_0080.png,false
render_0081.png,false
render_0082.png,true
render_0083.png,false
render_0084.png,true
render_0085.png,true
render_0086.png,false
render_0087.png,false
render_0088.png,true
render_0089.png,true
render_0090.png,false
render_0091.png,false
render_0092.png,false
render_0093.png,false
render_0094.png,false
render_0095.png,false
render_0096.png,false
render_0097.png,false
render_0098.png,false
render_0099.png,false
render_0100.png,false
render_0101.png,false
render_0102.png,true
render_0103.png,false
render_0104.png,false
render_0105.png,false
render_0106.png,false
render_0107.png,false
render_0108.png,true
render_0109.png,true
render_0110.png,true
render_0111.png,false
render_0112.png,true
render_0113.png,false
render_0114.png,false
render_0115.png,false
render_0116.png,true
render_0117.png,false
render_0118.png,false
render_0119.png,false
render_0120.png,false
render_0121.png,false
render_0122.png,false
render_0123.png,false
render_0124.png,false
render_0125.png,false
render_0126.png,false
render_0127.png,false
render_0128.png,true
render_0129.png,false
render_0130.png,false
render_0131.png,false
render_0132.png,false
render_0133.png,false
render_0134.png,false
render_0135.png,false
render_0136.png,false
render_0137.png,false
render_0138.png,false
render_0139.png,true
render_0140.png,false
render_0141.png,false
render_0142.png,false
render_0143.png,true
render_0144.png,true
render_0145.png,true
render_0146.png,true
render_0147.png,false
render_0148.png,true
render_0149.png,true
render_0150.png,true
render_0151.png,false
render_0152.png,true
render_0153.png,false
render_0154.png,false
render_0155.png,false
render_0156.png,false
render_0157.png,false
render_0158.png,false
render_0159.png,false
render_0160.png,false
render_0161.png,false
render_0162.png,false
render_0163.png,false
render_0164.png,false
render_0165.png,true
render_0166.png,false
render_0167.png,false
render_0168.png,false
render_0169.png,false
render_0170.png,true
render_0171.png,false
render_0172.png,false
render_0173.png,false
render_0174.png,true
render_0175.png,false
render_0176.png,true
render_0177.png,false
render_0178.png,false
render_0179.png,true
render_0180.png,false
render_0181.png,true
render_0182.png,true
render_0183.png,false
render_0184.png,false
render_0185.png,false
render_0186.png,true
render_0187.png,true
render_0188.png,true
render_0189.png,false
render_0190.png,false
render_0191.png,true
render_0192.png,false
render_0193.png,false
render_0194.png,false
render_0195.png,false
render_0196.png,false
render_0197.png,false
render_0198.png,true
render_0199.png,false
render_0200.png,false
render_0201.png,false
render_0202.png,false
render_0203.png,true
render_0204.png,true
render_0205.png,false
render_0206.png,true
render_0207.png,false
render_0208.png,false
render_0209.png,false
render_0210.png,false
render_0211.png,true
render_0212.png,false
render_0213.png,false
render_0214.png,false
render_0215.png,false
render_0216.png,false
render_0217.png,true
render_0218.png,true
render_0219.png,false
render_0220.png,true
render_0221.png,true
render_0222.png,true
render_0223.png,false
render_0224.png,false
render_0225.png,false
render_0226.png,false
render_0227.png,true
render_0228.png,false
render_0229.png,true
render_0230.png,true
render_0231.png,false
render_0232.png,false
render_0233.png,false
render_0234.png,true
render_0235.png,false
render_0236.png,true
render_0237.png,true
render_0238.png,true
render_0239.png,false
render_0240.png,false
render_0241.png,false
render_0242.png,true
render_0243.png,true
render_0244.png,true
render_0245.png,false
render_0246.png,true
render_0247.png,false
render_0248.png,false
render_0249.png,true
render_0250.png,true
render_0251.png,false
render_0252.png,false
render_0253.png,false
render_0254.png,false
render_0255.png,false
render_0256.png,true
render_0257.png,false
render_0258.png,false
render_0259.png,false
render_0260.png,false
render_0261.png,false
render_0262.png,true
render_0263.png,false
render_0264.png,false
render_0265.png,false
render_0266.png,false
render_0267.png,false
render_0268.png,true
render_0269.png,false
render_0270.png,true
render_0271.png,false
render_0272.png,false
render_0273.png,true
render_0274.png,false
render_0275.png,false
render_0276.png,false
render_0277.png,false
render_0278.png,false
render_0279.png,false
render_0280.png,false
render_0281.png,false
render_0282.png,true
render_0283.png,false
render_0284.png,false
render_0285.png,false
render_0286.png,true
render_0287.png,false
render_0288.png,false
render_0289.png,false
render_0290.png,false
render_0291.png,false
render_0292.png,false
render_0293.png,false
render_0294.png,false
render_0295.png,false
render_0296.png,false
render_0297.png,false
render_0298.png,false
render_0299.png,false
render_0300.png,false
render_0301.png,false
render_0302.png,true
render_0303.png,false
render_0304.png,true
render_0305.png,false
render_0306.png,false
render_0307.png,false
render_0308.png,false
render_0309.png,true
render_0310.png,false
render_0311.png,false
render_0312.png,true
render_0313.png,false
render_0314.png,false
render_0315.png,false
render_0316.png,false
render_0317.png,false
render_0318.png,false
render_0319.png,true
render_0320.png,true
render_0321.png,true
render_0322.png,true
render_0323.png,false
render_0324.png,false
render_0325.png,true
render_0326.png,false
render_0327.png,false
render_0328.png,false
render_0329.png,false
render_0330.png,false
render_0331.png,true
render_0332.png,true
render_0333.png,true
render_0334.png,false
render_0335.png,false
render_0336.png,true
render_0337.png,false
render_0338.png,false
render_0339.png,true
render_0340.png,false
render_0341.png,false
render_0342.png,true
render_0343.png,false
render_0344.png,false
render_0345.png,true
render_0346.png,false
render_0347.png,true
render_0348.png,true
render_0349.png,false
render_0350.png,false
render_0351.png,false
render_0352.png,false
render_0353.png,false
render_0354.png,false
render_0355.png,true
render_0356.png,true
render_0357.png,false
render_0358.png,false
render_0359.png,false
render_0360.png,false
render_0361.png,false
render_0362.png,false
render_0363.png,false
render_0364.png,false
render_0365.png,false
render_0366.png,true
render_0367.png,true
render_0368.png,false
render_0369.png,false
render_0370.png,false
render_0371.png,false
render_0372.png,false
render_0373.png,false
render_0374.png,false
render_0375.png,false
render_0376.png,true
render_0377.png,false
render_0378.png,false
render_0379.png,false
render_0380.png,false
render_0381.png,false
render_0382.png,false
render_0383.png,false
render_0384.png,false
render_0385.png,false
render_0386.png,true
render_0387.png,true
render_0388.png,true
render_0389.png,false
render_0390.png,false
render_0391.png,false
render_0392.png,false
render_0393.png,false
render_0394.png,false
render_0395.png,false
render_0396.png,false
render_0397.png,false
render_0398.png,false
render_0399.png,true
render_0400.png,true
render_0401.png,false
render_0402.png,false
render_0403.png,true
render_0404.png,false
render_0405.png,false
render_0406.png,false
render_0407.png,true
render_0408.png,false
render_0409.png,false
render_0410.png,true
render_0411.png,true
render_0412.png,true
render_0413.png,false
render_0414.png,true
render_0415.png,false
render_0416.png,true
render_0417.png,false
render_0418.png,false
render_0419.png,true
render_0420.png,false
render_0421.png,true
render_0422.png,false
render_0423.png,false
render_0424.png,true
render_0425.png,false
render_0426.png,true
render_0427.png,false
render_0428.png,false
render_0429.png,true
render_0430.png,false
render_0431.png,false
render_0432.png,true
render_0433.png,true
render_0434.png,false
render_0435.png,true
render_0436.png,true
render_0437.png,false
render_0438.png,true
render_0439.png,false
render_0440.png,false
render_0441.png,false
render_0442.png,false
render_0443.png,false
render_0444.png,false
render_0445.png,false
render_0446.png,false
render_0447.png,false
render_0448.png,false
render_0449.png,false
render_0450.png,true
render_0451.png,false
render_0452.png,true
render_0453.png,false
render_0454.png,false
render_0455.png,false
render_0456.png,false
render_0457.png,true
render_0458.png,false
render_0459.png,false
render_0460.png,false
render_0461.png,false
render_0462.png,false
render_0463.png,false
render_0464.png,false
render_0465.png,true
render_0466.png,false
render_0467.png,true
render_0468.png,false
render_0469.png,true
render_0470.png,false
render_0471.png,false
render_0472.png,false
render_0473.png,false
render_0474.png,false
render_0475.png,false
render_0476.png,false
render_0477.png,true
render_0478.png,false
render_0479.png,false
render_0480.png,false
render_0481.png,false
render_0482.png,false
render_0483.png,false
render_0484.png,false
render_0485.png,true
render_0486.png,false
render_0487.png,false
render_0488.png,false
render_0489.png,false
render_0490.png,false
render_0491.png,false
render_0492.png,false
render_0493.png,false
render_0494.png,false
render_0495.png,true
render_0496.png,false
render_0497.png,false
render_0498.png,false
render_0499.png,false
render_0500.png,false
render_0501.png,false
render_0502.png,false
render_0503.png,false
render_0504.png,false
render_0505.png,true
render_0506.png,true
render_0507.png,true
render_0508.png,true
render_0509.png,true
render_0510.png,false
render_0511.png,false
render_0512.png,false
render_0513.png,true
render_0514.png,false
render_0515.png,true
render_0516.png,false
render_0517.png,false
render_0518.png,false
render_0519.png,false
render_0520.png,false
render_0521.png,false
render_0522.png,false
render_0523.png,false
render_0524.png,false
render_0525.png,false
render_0526.png,false
render_0527.png,false
render_0528.png,false
render_0529.png,true
render_0530.png,true
render_0531.png,true
render_0532.png,true
render_0533.png,false
render_0534.png,true
render_0535.png,false
render_0536.png,true
render_0537.png,true
render_0538.png,false
render_0539.png,true
render_0540.png,false
render_0541.png,true
render_0542.png,false
render_0543.png,true
render_0544.png,false
render_0545.png,false
render_0546.png,false
render_0547.png,false
render_0548.png,false
render_0549.png,true
render_0550.png,true
render_0551.png,true
render_0552.png,true
render_0553.png,false
render_0554.png,true
render_0555.png,false
render_0556.png,true
render_0557.png,true
render_0558.png,false
render_0559.png,false
render_0560.png,false
render_0561.png,false
render_0562.png,false
render_0563.png,true
render_0564.png,true
render_0565.png,false
render_0566.png,false
render_0567.png,false
render_0568.png,false
render_0569.png,false
render_0570.png,false
render_0571.png,false
render_0572.png,true
render_0573.png,false
render_0574.png,true
render_0575.png,false
render_0576.png,false
render_0577.png,false
render_0578.png,false
render_0579.png,false
render_0580.png,true
render_0581.png,false
render_0582.png,true
render_0583.png,true
render_0584.png,false
render_0585.png,false
render_0586.png,true
render_0587.png,false
render_0588.png,false
render_0589.png,true
render_0590.png,false
render_0591.png,false
render_0592.png,true
render_0593.png,false
render_0594.png,true
render_0595.png,true
render_0596.png,false
render_0597.png,true
render_0598.png,false
render_0599.png,false
render_0600.png,false
render_0601.png,false
render_0602.png,false
render_0603.png,false
render_0604.png,true
render_0605.png,false
render_0606.png,false
render_0607.png,false
render_0608.png,true
render_0609.png,true
render_0610.png,true
render_0611.png,false
render_0612.png,true
render_0613.png,false
render_0614.png,false
render_0615.png,false
render_0616.png,false
render_0617.png,false
render_0618.png,true
render_0619.png,false
render_0620.png,false
render_0621.png,false
render_0622.png,false
render_0623.png,true
render_0624.png,true
render_0625.png,false
render_0626.png,false
render_0627.png,true
render_0628.png,false
render_0629.png,true
render_0630.png,true
render_0631.png,false
render_0632.png,true
render_0633.png,false
render_0634.png,true
render_0635.png,true
render_0636.png,true
render_0637.png,false
render_0638.png,false
render_0639.png,false
render_0640.png,false
render_0641.png,false
render_0642.png,true
render_0643.png,true
render_0644.png,false
render_0645.png,false
render_0646.png,false
render_0647.png,false
render_0648.png,false
render_0649.png,false
render_0650.png,true
render_0651.png,false
render_0652.png,true
render_0653.png,false
render_0654.png,true
render_0655.png,false
render_0656.png,false
render_0657.png,false
render_0658.png,false
render_0659.png,true
render_0660.png,true
render_0661.png,false
render_0662.png,true
render_0663.png,false
render_0664.png,false
render_0665.png,false
render_0666.png,false
render_0667.png,false
render_0668.png,false
render_0669.png,true
render_0670.png,false
render_0671.png,false
render_0672.png,false
render_0673.png,false
render_0674.png,false
render_0675.png,true
render_0676.png,false
render_0677.png,false
render_0678.png,false
render_0679.png,false
render_0680.png,false
render_0681.png,true
render_0682.png,false
render_0683.png,true
render_0684.png,false
render_0685.png,false
render_0686.png,false
render_0687.png,false
render_0688.png,false
render_0689.png,true
render_0690.png,false
render_0691.png,false
render_0692.png,false
render_0693.png,true
render_0694.png,false
render_0695.png,false
render_0696.png,false
render_0697.png,true
render_0698.png,false
render_0699.png,true
render_0700.png,false
render_0701.png,false
render_0702.png,true
render_0703.png,false
render_0704.png,false
render_0705.png,true
render_0706.png,true
render_0707.png,false
render_0708.png,false
render_0709.png,false
render_0710.png,true
render_0711.png,false
render_0712.png,true
render_0713.png,false
render_0714.png,false
render_0715.png,false
render_0716.png,true
render_0717.png,false
render_0718.png,false
render_0719.png,false
render_0720.png,true
render_0721.png,false
render_0722.png,false
render_0723.png,true
render_0724.png,false
render_0725.png,false
render_0726.png,false
render_0727.png,true
render_0728.png,false
render_0729.png,false
render_0730.png,false
render_0731.png,false
render_0732.png,false
render_0733.png,false
render_0734.png,false
render_0735.png,true
render_0736.png,false
render_0737.png,false
render_0738.png,true
render_0739.png,false
render_0740.png,false
render_0741.png,false
render_0742.png,true
render_0743.png,false
render_0744.png,true
render_0745.png,false
render_0746.png,true
render_0747.png,true
render_0748.png,true
render_0749.png,true
render_0750.png,false
render_0751.png,false
render_0752.png,false
render_0753.png,true
render_0754.png,true
render_0755.png,false
render_0756.png,false
render_0757.png,false
render_0758.png,false
render_0759.png,true
render_0760.png,false
render_0761.png,false
render_0762.png,false
render_0763.png,false
render_0764.png,false
render_0765.png,false
render_0766.png,false
render_0767.png,false
render_0768.png,false
render_0769.png,false
render_0770.png,false
render_0771.png,true
render_0772.png,false
render_0773.png,false
render_0774.png,false
render_0775.png,false
render_0776.png,false
render_0777.png,false
render_0778.png,true
render_0779.png,true
render_0780.png,false
render_0781.png,false
render_0782.png,false
render_0783.png,false
render_0784.png,false
render_0785.png,false
render_0786.png,false
render_0787.png,false
render_0788.png,false
render_0789.png,true
render_0790.png,false
render_0791.png,false
render_0792.png,false
render_0793.png,false
render_0794.png,true
render_0795.png,false
render_0796.png,false
render_0797.png,false
render_0798.png,false
render_0799.png,false
render_0800.png,false
render_0801.png,false
render_0802.png,false
render_0803.png,false
render_0804.png,false
render_0805.png,true
render_0806.png,false
render_0807.png,true
render_0808.png,true
render_0809.png,false
render_0810.png,true
render_0811.png,false
render_0812.png,false
render_0813.png,false
render_0814.png,false
render_0815.png,true
render_0816.png,false
render_0817.png,false
render_0818.png,true
render_0819.png,false
render_0820.png,false
render_0821.png,false
render_0822.png,false
render_0823.png,true
render_0824.png,true
render_0825.png,false
render_0826.png,false
render_0827.png,false
render_0828.png,false
render_0829.png,true
render_0830.png,false
render_0831.png,false
render_0832.png,false
render_0833.png,false
render_0834.png,false
render_0835.png,false
render_0836.png,true
render_0837.png,false
render_0838.png,true
render_0839.png,false
render_0840.png,false
render_0841.png,false
render_0842.png,true
render_0843.png,true
render_0844.png,false
render_0845.png,false
render_0846.png,false
render_0847.png,false
render_0848.png,false
render_0849.png,true
render_0850.png,false
render_0851.png,true
render_0852.png,false
render_0853.png,false
render_0854.png,false
render_0855.png,false
render_0856.png,true
render_0857.png,false
render_0858.png,false
render_0859.png,false
render_0860.png,false
render_0861.png,false
render_0862.png,false
render_0863.png,false
render_0864.png,true
render_0865.png,false
render_0866.png,false
render_0867.png,false
render_0868.png,true
render_0869.png,false
render_0870.png,false
render_0871.png,false
render_0872.png,true
render_0873.png,true
render_0874.png,false
render_0875.png,false
render_0876.png,false
render_0877.png,false
render_0878.png,true
render_0879.png,true
render_0880.png,false
render_0881.png,false
render_0882.png,false
render_0883.png,true
render_0884.png,false
render_0885.png,true
render_0886.png,false
render_0887.png,false
render_0888.png,false
render_0889.png,true
render_0890.png,false
render_0891.png,false
render_0892.png,true
render_0893.png,false
render_0894.png,false
render_0895.png,true
render_0896.png,false
render_0897.png,false
render_0898.png,false
render_0899.png,false
render_0900.png,false
render_0901.png,false
render_0902.png,true
render_0903.png,false
render_0904.png,false
render_0905.png,true
render_0906.png,false
render_0907.png,true
render_0908.png,false
render_0909.png,false
render_0910.png,false
render_0911.png,false
render_0912.png,false
render_0913.png,false
render_0914.png,false
render_0915.png,true
render_0916.png,false
render_0917.png,true
render_0918.png,true
render_0919.png,false
render_0920.png,false
render_0921.png,true
render_0922.png,true
render_0923.png,false
render_0924.png,true
render_0925.png,false
render_0926.png,false
render_0927.png,false
render_0928.png,true
render_0929.png,true
render_0930.png,true
render_0931.png,false
render_0932.png,false
render_0933.png,false
render_0934.png,true
render_0935.png,true
render_0936.png,false
render_0937.png,false
render_0938.png,false
render_0939.png,false
render_0940.png,false
render_0941.png,false
render_0942.png,false
render_0943.png,false
render_0944.png,false
render_0945.png,false
render_0946.png,false
render_0947.png,false
render_0948.png,false
render_0949.png,false
render_0950.png,false
render_0951.png,false
render_0952.png,true
render_0953.png,true
render_0954.png,true
render_0955.png,true
render_0956.png,false
render_0957.png,true
render_0958.png,false
render_0959.png,true
render_0960.png,false
render_0961.png,false
render_0962.png,false
render_0963.png,false
render_0964.png,false
render_0965.png,true
render_0966.png,false
render_0967.png,false
render_0968.png,true
render_0969.png,false
render_0970.png,false
render_0971.png,false
render_0972.png,false
render_0973.png,false
render_0974.png,false
render_0975.png,false
render_0976.png,false
render_0977.png,false
render_0978.png,false
render_0979.png,false
render_0980.png,false
render_0981.png,false
render_0982.png,false
render_0983.png,false
render_0984.png,false
render_0985.png,true
render_0986.png,true
render_0987.png,false
render_0988.png,false
render_0989.png,false
render_0990.png,true
render_0991.png,true
render_0992.png,false
render_0993.png,true
render_0994.png,false
render_0995.png,true
render_0996.png,false
render_0997.png,true
render_0998.png,true
render_0999.png,false
render_1000.png,false
render_1001.png,false
render_1002.png,false
render_1003.png,false
render_1004.png,true
render_1005.png,false
render_1006.png,false
render_1007.png,false
render_1008.png,false
render_1009.png,true
render_1010.png,false
render_1011.png,true
render_1012.png,false
render_1013.png,false
render_1014.png,false
render_1015.png,false
render_1016.png,false
render_1017.png,false
render_1018.png,false
render_1019.png,true
render_1020.png,false
render_1021.png,true
render_1022.png,false
render_1023.png,false
render_1024.png,false
render_1025.png,false
render_1026.png,false
render_1027.png,false
render_1028.png,false
render_1029.png,true
render_1030.png,false
render_1031.png,true
render_1032.png,true
render_1033.png,false
render_1034.png,false
render_1035.png,false
render_1036.png,false
render_1037.png,false
render_1038.png,false
render_1039.png,false
render_1040.png,false
render_1041.png,true
render_1042.png,false
render_1043.png,false
render_1044.png,false
render_1045.png,true
render_1046.png,false
render_1047.png,true
render_1048.png,false
render_1049.png,false
render_1050.png,true
render_1051.png,true
render_1052.png,false
render_1053.png,false
render_1054.png,false
render_1055.png,false
render_1056.png,true
render_1057.png,true
render_1058.png,true
render_1059.png,false
render_1060.png,true
render_1061.png,false
render_1062.png,false
render_1063.png,true
render_1064.png,false
render_1065.png,false
render_1066.png,false
render_1067.png,true
render_1068.png,false
render_1069.png,true
render_1070.png,false
render_1071.png,true
render_1072.png,false
render_1073.png,true
render_1074.png,false
render_1075.png,false
render_1076.png,false
render_1077.png,false
render_1078.png,false
render_1079.png,true
render_1080.png,false
render_1081.png,false
render_1082.png,false
render_1083.png,true
render_1084.png,false
render_1085.png,false
render_1086.png,false
render_1087.png,false
render_1088.png,true
render_1089.png,false
render_1090.png,false
render_1091.png,false
render_1092.png,false
render_1093.png,false
render_1094.png,false
render_1095.png,false
render_1096.png,true
render_1097.png,false
render_1098.png,false
render_1099.png,true
render_1100.png,false
render_1101.png,true
render_1102.png,true
render_1103.png,false
render_1104.png,false
render_1105.png,true
render_1106.png,false
render_1107.png,true
render_1108.png,false
render_1109.png,false
render_1110.png,false
render_1111.png,false
render_1112.png,false
render_1113.png,true
render_1114.png,false
render_1115.png,true
render_1116.png,false
render_1117.png,false
render_1118.png,false
render_1119.png,false
render_1120.png,true
render_1121.png,false
render_1122.png,false
render_1123.png,false
render_1124.png,false
render_1125.png,false
render_1126.png,false
render_1127.png,true
render_1128.png,false
render_1129.png,false
render_1130.png,false
render_1131.png,false
render_1132.png,false
render_1133.png,false
render_1134.png,false
render_1135.png,true
render_1136.png,false
render_1137.png,false
render_1138.png,false
render_1139.png,false
render_1140.png,false
render_1141.png,false
render_1142.png,true
render_1143.png,false
render_1144.png,false
render_1145.png,false
render_1146.png,true
render_1147.png,true
render_1148.png,true
render_1149.png,false
render_1150.png,false
render_1151.png,false
render_1152.png,false
render_1153.png,false
render_1154.png,false
render_1155.png,false
render_1156.png,false
render_1157.png,false
render_1158.png,false
render_1159.png,false
render_1160.png,true
render_1161.png,false
render_1162.png,false
render_1163.png,false
render_1164.png,false
render_1165.png,false
render_1166.png,false
render_1167.png,false
render_1168.png,true
render_1169.png,false
render_1170.png,false
render_1171.png,false
render_1172.png,false
render_1173.png,true
render_1174.png,false
render_1175.png,true
render_1176.png,false
render_1177.png,true
render_1178.png,true
render_1179.png,true
render_1180.png,false
render_1181.png,false
render_1182.png,true
render_1183.png,false
render_1184.png,false
render_1185.png,false
render_1186.png,false
render_1187.png,false
render_1188.png,false
render_1189.png,true
render_1190.png,false
render_1191.png,false
render_1192.png,false
render_1193.png,false
render_1194.png,false
render_1195.png,false
render_1196.png,true
render_1197.png,false
render_1198.png,true
render_1199.png,false
render_1200.png,false
render_1201.png,true
render_1202.png,false
render_1203.png,true
render_1204.png,true
render_1205.png,true
render_1206.png,false
render_1207.png,false
render_1208.png,false
render_1209.png,false
render_1210.png,false
render_1211.png,false
render_1212.png,false
render_1213.png,false
render_1214.png,false
render_1215.png,false
render_1216.png,true
render_1217.png,false
render_1218.png,false
render_1219.png,false
render_1220.png,false
render_1221.png,true
render_1222.png,true
render_1223.png,false
render_1224.png,false
render_1225.png,false
render_1226.png,false
render_1227.png,false
render_1228.png,false
render_1229.png,false
render_1230.png,false
render_1231.png,false
render_1232.png,false
render_1233.png,false
render_1234.png,false
render_1235.png,false
render_1236.png,false
render_1237.png,false
render_1238.png,false
render_1239.png,false
render_1240.png,false
render_1241.png,true
render_1242.png,true
render_1243.png,false
render_1244.png,true
render_1245.png,true
render_1246.png,false
render_1247.png,true
render_1248.png,true
render_1249.png,true
render_1250.png,true
render_1251.png,false
render_1252.png,true
render_1253.png,false
render_1254.png,false
render_1255.png,false
render_1256.png,false
render_1257.png,true
render_1258.png,true
render_1259.png,true
render_1260.png,false
render_1261.png,true
render_1262.png,false
render_1263.png,false
render_1264.png,true
render_1265.png,true
render_1266.png,false
render_1267.png,false
render_1268.png,false
render_1269.png,false
render_1270.png,false
render_1271.png,false
render_1272.png,false
render_1273.png,true
render_1274.png,true
render_1275.png,true
render_1276.png,true
render_1277.png,false
render_1278.png,true
render_1279.png,false
render_1280.png,true
render_1281.png,false
render_1282.png,true
render_1283.png,false
render_1284.png,true
render_1285.png,false
render_1286.png,false
render_1287.png,false
render_1288.png,false
render_1289.png,true
render_1290.png,true
render_1291.png,false
render_1292.png,true
render_1293.png,false
render_1294.png,true
render_1295.png,true
render_1296.png,false
render_1297.png,false
render_1298.png,true
render_1299.png,false
render_1300.png,false
render_1301.png,false
render_1302.png,false
render_1303.png,false
render_1304.png,false
render_1305.png,false
render_1306.png,true
render_1307.png,false
render_1308.png,false
render_1309.png,true
render_1310.png,false
render_1311.png,false
render_1312.png,true
render_1313.png,true
render_1314.png,true
render_1315.png,false
render_1316.png,false
render_1317.png,true
render_1318.png,false
render_1319.png,true
render_1320.png,true
render_1321.png,true
render_1322.png,false
render_1323.png,false
render_1324.png,false
render_1325.png,true
render_1326.png,false
render_1327.png,false
render_1328.png,false
render_1329.png,true
render_1330.png,false
render_1331.png,false
render_1332.png,false
render_1333.png,false
render_1334.png,false
render_1335.png,true
render_1336.png,true
render_1337.png,true
render_1338.png,true
render_1339.png,false
render_1340.png,false
render_1341.png,false
render_1342.png,true
render_1343.png,false
render_1344.png,false
render_1345.png,false
render_1346.png,false
render_1347.png,false
render_1348.png,false
render_1349.png,false
render_1350.png,false
render_1351.png,false
render_1352.png,false
render_1353.png,false
render_1354.png,true
render_1355.png,false
render_1356.png,true
render_1357.png,false
render_1358.png,true
render_1359.png,false
render_1360.png,false
render_1361.png,true
render_1362.png,false
render_1363.png,false
render_1364.png,false
render_1365.png,true
render_1366.png,true
render_1367.png,false
render_1368.png,false
render_1369.png,false
render_1370.png,true
render_1371.png,false
render_1372.png,false
render_1373.png,false
render_1374.png,false
render_1375.png,false
render_1376.png,true
render_1377.png,false
render_1378.png,false
render_1379.png,false
render_1380.png,false
render_1381.png,true
render_1382.png,true
render_1383.png,false
render_1384.png,true
render_1385.png,false
render_1386.png,false
render_1387.png,false
render_1388.png,false
render_1389.png,false
render_1390.png,false
render_1391.png,false
render_1392.png,false
render_1393.png,true
render_1394.png,true
render_1395.png,false
render_1396.png,true
render_1397.png,false
render_1398.png,false
render_1399.png,true
render_1400.png,false
render_1401.png,false
render_1402.png,false
render_1403.png,true
render_1404.png,false
render_1405.png,true
render_1406.png,false
render_1407.png,false
render_1408.png,true
render_1409.png,false
render_1410.png,true
render_1411.png,false
render_1412.png,false
render_1413.png,false
render_1414.png,false
render_1415.png,false
render_1416.png,false
render_1417.png,false
render_1418.png,false
render_1419.png,false
render_1420.png,true
render_1421.png,true
render_1422.png,false
render_1423.png,false
render_1424.png,false
render_1425.png,true
render_1426.png,false
render_1427.png,true
render_1428.png,false
render_1429.png,true
render_1430.png,false
render_1431.png,true
render_1432.png,false
render_1433.png,false
render_1434.png,false
render_1435.png,true
render_1436.png,false
render_1437.png,false
render_1438.png,false
render_1439.png,false
render_1440.png,true
render_1441.png,false
render_1442.png,false
render_1443.png,false
render_1444.png,false
render_1445.png,false
render_1446.png,false
render_1447.png,true
render_1448.png,false
render_1449.png,false
render_1450.png,false
render_1451.png,false
render_1452.png,false
render_1453.png,false
render_1454.png,true
render_1455.png,true
render_1456.png,false
render_1457.png,false
render_1458.png,false
render_1459.png,false
render_1460.png,false
render_1461.png,false
render_1462.png,true
render_1463.png,false
render_1464.png,false
render_1465.png,false
render_1466.png,false
render_1467.png,false
render_1468.png,false
render_1469.png,false
render_1470.png,false
render_1471.png,false
render_1472.png,false
render_1473.png,false
render_1474.png,false
render_1475.png,true
render_1476.png,false
render_1477.png,false
render_1478.png,false
render_1479.png,true
render_1480.png,false
render_1481.png,true
render_1482.png,false
render_1483.png,false
render_1484.png,true
render_1485.png,false
render_1486.png,false
render_1487.png,true
render_1488.png,false
render_1489.png,false
render_1490.png,true
render_1491.png,false
render_1492.png,false
render_1493.png,true
render_1494.png,false
render_1495.png,false
render_1496.png,false
render_1497.png,false
render_1498.png,true
render_1499.png,true
render_1500.png,true
render_1501.png,false
render_1502.png,false
render_1503.png,true
render_1504.png,false
render_1505.png,false
render_1506.png,false
render_1507.png,false
render_1508.png,false
render_1509.png,false
render_1510.png,true
render_1511.png,false
render_1512.png,false
render_1513.png,false
render_1514.png,false
render_1515.png,true
render_1516.png,false
render_1517.png,false
render_1518.png,false
render_1519.png,true
render_1520.png,false
render_1521.png,false
render_1522.png,false
render_1523.png,true
render_1524.png,false
render_1525.png,true
render_1526.png,false
render_1527.png,false
render_1528.png,false
render_1529.png,true
render_1530.png,true
render_1531.png,false
render_1532.png,false
render_1533.png,false
render_1534.png,false
render_1535.png,false
render_1536.png,false
render_1537.png,false
render_1538.png,false
render_1539.png,true
render_1540.png,false
render_1541.png,true
render_1542.png,true
render_1543.png,true
render_1544.png,false
render_1545.png,false
render_1546.png,false
render_1547.png,false
render_1548.png,false
render_1549.png,true
render_1550.png,false
render_1551.png,false
render_1552.png,false
render_1553.png,true
render_1554.png,false
render_1555.png,false
render_1556.png,false
render_1557.png,false
render_1558.png,false
render_1559.png,false
render_1560.png,false
render_1561.png,true
render_1562.png,false
render_1563.png,false
render_1564.png,false
render_1565.png,false
render_1566.png,false
render_1567.png,true
render_1568.png,false
render_1569.png,false
render_1570.png,false
render_1571.png,false
render_1572.png,true
render_1573.png,false
render_1574.png,false
render_1575.png,false
render_1576.png,false
render_1577.png,false
render_1578.png,false
render_1579.png,false
render_1580.png,true
render_1581.png,false
render_1582.png,false
render_1583.png,true
render_1584.png,true
render_1585.png,true
render_1586.png,true
render_1587.png,false
render_1588.png,false
render_1589.png,false
render_1590.png,false
render_1591.png,true
render_1592.png,false
render_1593.png,false
render_1594.png,false
render_1595.png,false
render_1596.png,false
render_1597.png,true
render_1598.png,false
render_1599.png,false
render_1600.png,false
render_1601.png,false
render_1602.png,true
render_1603.png,true
render_1604.png,false
render_1605.png,false
render_1606.png,false
render_1607.png,false
render_1608.png,false
render_1609.png,false
render_1610.png,false
render_1611.png,false
render_1612.png,false
render_1613.png,false
render_1614.png,false
render_1615.png,false
render_1616.png,false
render_1617.png,true
render_1618.png,false
render_1619.png,false
render_1620.png,false
render_1621.png,false
render_1622.png,false
render_1623.png,true
render_1624.png,false
render_1625.png,true
render_1626.png,false
render_1627.png,false
render_1628.png,true
render_1629.png,false
render_1630.png,false
render_1631.png,true
render_1632.png,true
render_1633.png,false
render_1634.png,false
render_1635.png,false
render_1636.png,false
render_1637.png,true
render_1638.png,true
render_1639.png,true
render_1640.png,true
render_1641.png,false
render_1642.png,false
render_1643.png,false
render_1644.png,true
render_1645.png,false
render_1646.png,true
render_1647.png,false
render_1648.png,false
render_1649.png,false
render_1650.png,false
render_1651.png,false
render_1652.png,false
render_1653.png,true
render_1654.png,false
render_1655.png,true
render_1656.png,true
render_1657.png,true
render_1658.png,false
render_1659.png,false
render_1660.png,true
render_1661.png,false
render_1662.png,false
render_1663.png,true
render_1664.png,true
render_1665.png,true
render_1666.png,true
render_1667.png,true
render_1668.png,false
render_1669.png,false
render_1670.png,true
render_1671.png,true
render_1672.png,false
render_1673.png,false
render_1674.png,false
render_1675.png,false
render_1676.png,false
render_1677.png,true
render_1678.png,true
render_1679.png,false
render_1680.png,false
render_1681.png,false
render_1682.png,true
render_1683.png,true
render_1684.png,false
render_1685.png,false
render_1686.png,false
render_1687.png,false
render_1688.png,false
render_1689.png,false
render_1690.png,false
render_1691.png,false
render_1692.png,true
render_1693.png,false
render_1694.png,false
render_1695.png,false
render_1696.png,true
render_1697.png,false
render_1698.png,false
render_1699.png,false
render_1700.png,false
render_1701.png,false
render_1702.png,false
render_1703.png,false
render_1704.png,false
render_1705.png,false
render_1706.png,true
render_1707.png,false
render_1708.png,false
render_1709.png,true
render_1710.png,false
render_1711.png,false
render_1712.png,false
render_1713.png,true
render_1714.png,false
render_1715.png,false
render_1716.png,true
render_1717.png,false
render_1718.png,false
render_1719.png,false
render_1720.png,false
render_1721.png,false
render_1722.png,true
render_1723.png,false
render_1724.png,false
render_1725.png,false
render_1726.png,false
render_1727.png,false
render_1728.png,false
render_1729.png,true
render_1730.png,false
render_1731.png,false
render_1732.png,false
render_1733.png,false
render_1734.png,false
render_1735.png,false
render_1736.png,false
render_1737.png,false
render_1738.png,true
render_1739.png,true
render_1740.png,false
render_1741.png,false
render_1742.png,true
render_1743.png,false
render_1744.png,false
render_1745.png,false
render_1746.png,true
render_1747.png,false
render_1748.png,false
render_1749.png,true
render_1750.png,false
render_1751.png,false
render_1752.png,false
render_1753.png,true
render_1754.png,false
render_1755.png,false
render_1756.png,true
render_1757.png,true
render_1758.png,false
render_1759.png,false
render_1760.png,false
render_1761.png,true
render_1762.png,false
render_1763.png,false
render_1764.png,true
render_1765.png,false
render_1766.png,true
render_1767.png,false
render_1768.png,false
render_1769.png,true
render_1770.png,false
render_1771.png,false
render_1772.png,true
render_1773.png,false
render_1774.png,false
render_1775.png,true
render_1776.png,true
render_1777.png,false
render_1778.png,true
render_1779.png,true
render_1780.png,false
render_1781.png,true
render_1782.png,true
render_1783.png,false
render_1784.png,false
render_1785.png,false
render_1786.png,false
render_1787.png,true
render_1788.png,false
render_1789.png,true
render_1790.png,true
render_1791.png,true
render_1792.png,false
render_1793.png,false
render_1794.png,false
render_1795.png,true
render_1796.png,true
render_1797.png,false
render_1798.png,false
render_1799.png,false
render_1800.png,false
render_1801.png,false
render_1802.png,false
render_1803.png,true
render_1804.png,true
render_1805.png,false
render_1806.png,true
render_1807.png,true
render_1808.png,false
render_1809.png,false
render_1810.png,true
render_1811.png,false
render_1812.png,false
render_1813.png,false
render_1814.png,false
render_1815.png,false
render_1816.png,true
render_1817.png,false
render_1818.png,false
render_1819.png,false
render_1820.png,false
render_1821.png,true
render_1822.png,false
render_1823.png,false
render_1824.png,false
render_1825.png,false
render_1826.png,false
render_1827.png,false
render_1828.png,false
render_1829.png,false
render_1830.png,true
render_1831.png,false
render_1832.png,false
render_1833.png,true
render_1834.png,false
render_1835.png,true
render_1836.png,false
render_1837.png,true
render_1838.png,false
render_1839.png,false
render_1840.png,false
render_1841.png,false
render_1842.png,true
render_1843.png,false
render_1844.png,false
render_1845.png,true
render_1846.png,false
render_1847.png,false
render_1848.png,false
render_1849.png,true
render_1850.png,true
render_1851.png,false
render_1852.png,false
render_1853.png,false
render_1854.png,false
render_1855.png,false
render_1856.png,true
render_1857.png,true
render_1858.png,false
render_1859.png,false
render_1860.png,false
render_1861.png,false
render_1862.png,false
render_1863.png,true
render_1864.png,true
render_1865.png,false
render_1866.png,false
render_1867.png,false
render_1868.png,false
render_1869.png,false
render_1870.png,false
render_1871.png,true
render_1872.png,false
render_1873.png,true
render_1874.png,false
render_1875.png,false
render_1876.png,false
render_1877.png,false
render_1878.png,true
render_1879.png,false
render_1880.png,true
render_1881.png,false
render_1882.png,false
render_1883.png,false
render_1884.png,true
render_1885.png,false
render_1886.png,false
render_1887.png,true
render_1888.png,false
render_1889.png,false
render_1890.png,false
render_1891.png,true
render_1892.png,true
render_1893.png,true
render_1894.png,false
render_1895.png,false
render_1896.png,false
render_1897.png,false
render_1898.png,false
render_1899.png,false
render_1900.png,false
render_1901.png,true
render_1902.png,false
render_1903.png,false
render_1904.png,false
render_1905.png,false
render_1906.png,true
render_1907.png,false
render_1908.png,false
render_1909.png,true
render_1910.png,true
render_1911.png,false
render_1912.png,false
render_1913.png,false
render_1914.png,true
render_1915.png,false
render_1916.png,true
render_1917.png,true
render_1918.png,true
render_1919.png,true
render_1920.png,false
render_1921.png,true
render_1922.png,false
render_1923.png,false
render_1924.png,false
render_1925.png,false
render_1926.png,false
render_1927.png,false
render_1928.png,false
render_1929.png,false
render_1930.png,false
render_1931.png,false
render_1932.png,true
render_1933.png,false
render_1934.png,true
render_1935.png,false
render_1936.png,false
render_1937.png,false
render_1938.png,false
render_1939.png,true
render_1940.png,false
render_1941.png,true
render_1942.png,false
render_1943.png,false
render_1944.png,false
render_1945.png,false
render_1946.png,false
render_1947.png,false
render_1948.png,false
render_1949.png,false
render_1950.png,false
render_1951.png,true
render_1952.png,true
render_1953.png,false
render_1954.png,false
render_1955.png,false
render_1956.png,false
render_1957.png,true
render_1958.png,true
render_1959.png,true
render_1960.png,false
render_1961.png,false
render_1962.png,true
render_1963.png,true
render_1964.png,true
render_1965.png,false
render_1966.png,false
render_1967.png,false
render_1968.png,true
render_1969.png,false
render_1970.png,false
render_1971.png,true
render_1972.png,false
render_1973.png,false
render_1974.png,false
render_1975.png,false
render_1976.png,false
render_1977.png,true
render_1978.png,false
render_1979.png,false
render_1980.png,true
render_1981.png,true
render_1982.png,true
render_1983.png,true
render_1984.png,false
render_1985.png,true
render_1986.png,false
render_1987.png,false
render_1988.png,false
render_1989.png,false
render_1990.png,false
render_1991.png,true
render_1992.png,false
render_1993.png,true
render_1994.png,true
render_1995.png,false
render_1996.png,true
render_1997.png,true
render_1998.png,false
render_1999.png,true
render_2000.png,false
render_2001.png,true
render_2002.png,true
render_2003.png,true
render_2004.png,true
render_2005.png,false
render_2006.png,true
render_2007.png,false
render_2008.png,true
render_2009.png,false
render_2010.png,false
render_2011.png,true
render_2012.png,false
render_2013.png,false
render_2014.png,false
render_2015.png,true
render_2016.png,false
render_2017.png,false
render_2018.png,true
render_2019.png,false
render_2020.png,false
render_2021.png,true
render_2022.png,true
render_2023.png,true
render_2024.png,true
render_2025.png,true
render_2026.png,false
render_2027.png,false
render_2028.png,true
render_2029.png,false
render_2030.png,true
render_2031.png,false
render_2032.png,false
render_2033.png,false
render_2034.png,false
render_2035.png,false
render_2036.png,false
render_2037.png,false
render_2038.png,false
render_2039.png,false
render_2040.png,true
render_2041.png,false
render_2042.png,false
render_2043.png,false
render_2044.png,false
render_2045.png,false
render_2046.png,false
render_2047.png,true
render_2048.png,false
render_2049.png,false
render_2050.png,false
render_2051.png,false
render_2052.png,true
render_2053.png,true
render_2054.png,false
render_2055.png,false
render_2056.png,false
render_2057.png,false
render_2058.png,false
render_2059.png,false
render_2060.png,true
render_2061.png,false
render_2062.png,true
render_2063.png,true
render_2064.png,true
render_2065.png,false
render_2066.png,true
render_2067.png,false
render_2068.png,false
render_2069.png,false
render_2070.png,true
render_2071.png,false
render_2072.png,true
render_2073.png,false
render_2074.png,true
render_2075.png,true
render_2076.png,true
render_2077.png,false
render_2078.png,false
render_2079.png,false
render_2080.png,false
render_2081.png,false
render_2082.png,false
render_2083.png,false
render_2084.png,true
render_2085.png,true
render_2086.png,true
render_2087.png,false
render_2088.png,false
render_2089.png,false
render_2090.png,false
render_2091.png,false
render_2092.png,true
render_2093.png,true
render_2094.png,false
render_2095.png,false
render_2096.png,true
render_2097.png,false
render_2098.png,false
render_2099.png,false
render_2100.png,true
render_2101.png,false
render_2102.png,false
render_2103.png,true
render_2104.png,true
render_2105.png,false
render_2106.png,true
render_2107.png,false
render_2108.png,false
render_2109.png,false
render_2110.png,false
render_2111.png,true
render_2112.png,false
render_2113.png,true
render_2114.png,false
render_2115.png,true
render_2116.png,false
render_2117.png,false
render_2118.png,false
render_2119.png,false
render_2120.png,false
render_2121.png,false
render_2122.png,false
render_2123.png,false
render_2124.png,true
render_2125.png,false
render_2126.png,false
render_2127.png,false
render_2128.png,false
render_2129.png,true
render_2130.png,true
render_2131.png,false
render_2132.png,true
render_2133.png,false
render_2134.png,false
render_2135.png,false
render_2136.png,false
render_2137.png,false
render_2138.png,false
render_2139.png,false
render_2140.png,false
render_2141.png,false
render_2142.png,false
render_2143.png,false
render_2144.png,false
render_2145.png,false
render_2146.png,false
render_2147.png,false
render_2148.png,true
render_2149.png,false
render_2150.png,false
render_2151.png,true
render_2152.png,false
render_2153.png,false
render_2154.png,false
render_2155.png,false
render_2156.png,false
render_2157.png,true
render_2158.png,false
render_2159.png,true
render_2160.png,false
render_2161.png,true
render_2162.png,false
render_2163.png,false
render_2164.png,true
render_2165.png,true
render_2166.png,false
render_2167.png,false
render_2168.png,true
render_2169.png,true
render_2170.png,true
render_2171.png,false
render_2172.png,true
render_2173.png,false
render_2174.png,false
render_2175.png,false
render_2176.png,false
render_2177.png,false
render_2178.png,false
render_2179.png,true
render_2180.png,false
render_2181.png,false
render_2182.png,true
render_2183.png,true
render_2184.png,false
render_2185.png,false
render_2186.png,false
render_2187.png,true
render_2188.png,true
render_2189.png,false
render_2190.png,false
render_2191.png,false
render_2192.png,false
render_2193.png,true
render_2194.png,false
render_2195.png,false
render_2196.png,false
render_2197.png,false
render_2198.png,true
render_2199.png,false
render_2200.png,false
render_2201.png,false
render_2202.png,false
render_2203.png,false
render_2204.png,false
render_2205.png,false
render_2206.png,false
render_2207.png,false
render_2208.png,true
render_2209.png,false
render_2210.png,false
render_2211.png,false
render_2212.png,false
render_2213.png,false
render_2214.png,true
render_2215.png,false
render_2216.png,true
render_2217.png,false
render_2218.png,false
render_2219.png,false
render_2220.png,true
render_2221.png,false
render_2222.png,true
render_2223.png,false
render_2224.png,false
render_2225.png,false
render_2226.png,false
render_2227.png,false
render_2228.png,true
render_2229.png,false
render_2230.png,true
render_2231.png,true
render_2232.png,true
render_2233.png,false
render_2234.png,false
render_2235.png,true
render_2236.png,false
render_2237.png,false
render_2238.png,true
render_2239.png,false
render_2240.png,false
render_2241.png,false
render_2242.png,false
render_2243.png,true
render_2244.png,false
render_2245.png,false
render_2246.png,false
render_2247.png,false
render_2248.png,false
render_2249.png,false
render_2250.png,false
render_2251.png,false
render_2252.png,false
render_2253.png,true
render_2254.png,false
render_2255.png,false
render_2256.png,false
render_2257.png,false
render_2258.png,false
render_2259.png,false
render_2260.png,false
render_2261.png,false
render_2262.png,false
render_2263.png,true
render_2264.png,false
render_2265.png,false
render_2266.png,true
render_2267.png,true
render_2268.png,false
render_2269.png,true
render_2270.png,true
render_2271.png,true
render_2272.png,false
render_2273.png,false
render_2274.png,false
render_2275.png,true
render_2276.png,true
render_2277.png,true
render_2278.png,true
render_2279.png,true
render_2280.png,true
render_2281.png,true
render_2282.png,true
render_2283.png,false
render_2284.png,true
render_2285.png,true
render_2286.png,true
render_2287.png,true
render_2288.png,false
render_2289.png,false
render_2290.png,false
render_2291.png,true
render_2292.png,false
render_2293.png,false
render_2294.png,false
render_2295.png,false
render_2296.png,true
render_2297.png,false
render_2298.png,false
render_2299.png,false
render_2300.png,true
render_2301.png,false
render_2302.png,false
render_2303.png,false
render_2304.png,false
render_2305.png,false
render_2306.png,true
render_2307.png,false
render_2308.png,true
render_2309.png,false
render_2310.png,false
render_2311.png,true
render_2312.png,false
render_2313.png,false
render_2314.png,false
render_2315.png,false
render_2316.png,false
render_2317.png,false
render_2318.png,true
render_2319.png,false
render_2320.png,false
render_2321.png,false
render_2322.png,true
render_2323.png,true
render_2324.png,false
render_2325.png,true
render_2326.png,true
render_2327.png,false
render_2328.png,false
render_2329.png,true
render_2330.png,false
render_2331.png,false
render_2332.png,true
render_2333.png,false
render_2334.png,false
render_2335.png,false
render_2336.png,true
render_2337.png,false
render_2338.png,true
render_2339.png,true
render_2340.png,false
render_2341.png,false
render_2342.png,false
render_2343.png,true
render_2344.png,false
render_2345.png,false
render_2346.png,false
render_2347.png,false
render_2348.png,false
render_2349.png,false
render_2350.png,false
render_2351.png,false
render_2352.png,false
render_2353.png,true
render_2354.png,false
render_2355.png,false
render_2356.png,false
render_2357.png,false
render_2358.png,true
render_2359.png,false
render_2360.png,false
render_2361.png,false
render_2362.png,false
render_2363.png,false
render_2364.png,false
render_2365.png,false
render_2366.png,false
render_2367.png,false
render_2368.png,true
render_2369.png,false
render_2370.png,true
render_2371.png,false
render_2372.png,false
render_2373.png,false
render_2374.png,false
render_2375.png,true
render_2376.png,false
render_2377.png,false
render_2378.png,false
render_2379.png,false
render_2380.png,true
render_2381.png,false
render_2382.png,true
render_2383.png,true
render_2384.png,false
render_2385.png,false
render_2386.png,true
render_2387.png,true
render_2388.png,false
render_2389.png,true
render_2390.png,true
render_2391.png,false
render_2392.png,true
render_2393.png,false
render_2394.png,true
render_2395.png,true
render_2396.png,false
render_2397.png,true
render_2398.png,false
render_2399.png,true
render_2400.png,false
render_2401.png,false
render_2402.png,false
render_2403.png,true
render_2404.png,false
render_2405.png,false
render_2406.png,false
render_2407.png,true
render_2408.png,false
render_2409.png,false
render_2410.png,true
render_2411.png,false
render_2412.png,true
render_2413.png,false
render_2414.png,true
render_2415.png,false
render_2416.png,false
render_2417.png,false
render_2418.png,false
render_2419.png,true
render_2420.png,false
render_2421.png,false
render_2422.png,false
render_2423.png,false
render_2424.png,false
render_2425.png,true
render_2426.png,false
render_2427.png,true
render_2428.png,false
render_2429.png,false
render_2430.png,true
render_2431.png,false
render_2432.png,true
render_2433.png,true
render_2434.png,false
render_2435.png,false
render_2436.png,true
render_2437.png,false
render_2438.png,false
render_2439.png,false
render_2440.png,false
render_2441.png,false
render_2442.png,false
render_2443.png,true
render_2444.png,false
render_2445.png,false
render_2446.png,false
render_2447.png,false
render_2448.png,false
render_2449.png,false
render_2450.png,false
render_2451.png,false
render_2452.png,false
render_2453.png,false
render_2454.png,true
render_2455.png,true
render_2456.png,true
render_2457.png,false
render_2458.png,false
render_2459.png,false
render_2460.png,false
render_2461.png,false
render_2462.png,false
render_2463.png,false
render_2464.png,false
render_2465.png,false
render_2466.png,false
render_2467.png,false
render_2468.png,true
render_2469.png,false
render_2470.png,true
render_2471.png,true
render_2472.png,true
render_2473.png,false
render_2474.png,false
render_2475.png,false
render_2476.png,true
render_2477.png,false
render_2478.png,false
render_2479.png,false
render_2480.png,false
render_2481.png,false
render_2482.png,false
render_2483.png,false
render_2484.png,true
render_2485.png,false
render_2486.png,false
render_2487.png,false
render_2488.png,false
render_2489.png,false
render_2490.png,false
render_2491.png,false
render_2492.png,false
render_2493.png,true
render_2494.png,false
render_2495.png,false
render_2496.png,false
render_2497.png,false
render_2498.png,true
render_2499.png,false
render_2500.png,false
render_2501.png,false
render_2502.png,false
render_2503.png,false
render_2504.png,false
render_2505.png,false
render_2506.png,false
render_2507.png,false
render_2508.png,false
render_2509.png,false
render_2510.png,false
render_2511.png,false
render_2512.png,true
render_2513.png,true
render_2514.png,true
render_2515.png,false
render_2516.png,false
render_2517.png,false
render_2518.png,false
render_2519.png,false
render_2520.png,true
render_2521.png,false
render_2522.png,false
render_2523.png,false
render_2524.png,false
render_2525.png,false
render_2526.png,false
render_2527.png,false
render_2528.png,false
render_2529.png,false
render_2530.png,false
render_2531.png,false
render_2532.png,false
render_2533.png,false
render_2534.png,false
render_2535.png,false
render_2536.png,false
render_2537.png,false
render_2538.png,true
render_2539.png,false
render_2540.png,false
render_2541.png,false
render_2542.png,false
render_2543.png,false
render_2544.png,true
render_2545.png,true
render_2546.png,true
render_2547.png,false
render_2548.png,false
render_2549.png,true
render_2550.png,false
render_2551.png,true
render_2552.png,true
render_2553.png,true
render_2554.png,false
render_2555.png,false
render_2556.png,false
render_2557.png,false
render_2558.png,true
render_2559.png,true
render_2560.png,false
render_2561.png,false
render_2562.png,true
render_2563.png,false
render_2564.png,false
render_2565.png,false
render_2566.png,true
render_2567.png,false
render_2568.png,false
render_2569.png,true
render_2570.png,true
render_2571.png,false
render_2572.png,false
render_2573.png,false
render_2574.png,true
render_2575.png,false
render_2576.png,false
render_2577.png,true
render_2578.png,true
render_2579.png,false
render_2580.png,false
render_2581.png,false
render_2582.png,true
render_2583.png,false
render_2584.png,true
render_2585.png,false
render_2586.png,false
render_2587.png,false
render_2588.png,true
render_2589.png,true
render_2590.png,false
render_2591.png,false
render_2592.png,false
render_2593.png,false
render_2594.png,false
render_2595.png,false
render_2596.png,false
render_2597.png,true
render_2598.png,true
render_2599.png,true
render_2600.png,false
render_2601.png,true
render_2602.png,false
render_2603.png,true
render_2604.png,true
render_2605.png,false
render_2606.png,true
render_2607.png,false
render_2608.png,false
render_2609.png,false
render_2610.png,true
render_2611.png,false
render_2612.png,true
render_2613.png,false
render_2614.png,true
render_2615.png,false
render_2616.png,true
render_2617.png,false
render_2618.png,false
render_2619.png,true
render_2620.png,false
render_2621.png,true
render_2622.png,false
render_2623.png,false
render_2624.png,false
render_2625.png,true
render_2626.png,true
render_2627.png,false
render_2628.png,false
render_2629.png,false
render_2630.png,false
render_2631.png,false
render_2632.png,false
render_2633.png,false
render_2634.png,false
render_2635.png,false
render_2636.png,false
render_2637.png,false
render_2638.png,false
render_2639.png,false
render_2640.png,false
render_2641.png,true
render_2642.png,false
render_2643.png,false
render_2644.png,true
render_2645.png,true
render_2646.png,false
render_2647.png,true
render_2648.png,false
render_2649.png,false
render_2650.png,false
render_2651.png,false
render_2652.png,false
render_2653.png,true
render_2654.png,false
render_2655.png,false
render_2656.png,false
render_2657.png,false
render_2658.png,true
render_2659.png,false
render_2660.png,false
render_2661.png,true
render_2662.png,true
render_2663.png,false
render_2664.png,false
render_2665.png,true
render_2666.png,false
render_2667.png,true
render_2668.png,false
render_2669.png,true
render_2670.png,false
render_2671.png,true
render_2672.png,false
render_2673.png,false
render_2674.png,false
render_2675.png,true
render_2676.png,false
render_2677.png,false
render_2678.png,false
render_2679.png,true
render_2680.png,false
render_2681.png,false
render_2682.png,false
render_2683.png,true
render_2684.png,false
render_2685.png,false
render_2686.png,false
render_2687.png,true
render_2688.png,false
render_2689.png,false
render_2690.png,false
render_2691.png,false
render_2692.png,true
render_2693.png,false
render_2694.png,false
render_2695.png,false
render_2696.png,false
render_2697.png,false
render_2698.png,false
render_2699.png,false
render_2700.png,false
render_2701.png,false
render_2702.png,false
render_2703.png,false
render_2704.png,true
render_2705.png,false
render_2706.png,false
render_2707.png,true
render_2708.png,false
render_2709.png,false
render_2710.png,true
render_2711.png,false
render_2712.png,false
render_2713.png,false
render_2714.png,false
render_2715.png,false
render_2716.png,false
render_2717.png,true
render_2718.png,false
render_2719.png,false
render_2720.png,true
render_2721.png,false
render_2722.png,false
render_2723.png,true
render_2724.png,false
render_2725.png,false
render_2726.png,false
render_2727.png,true
render_2728.png,true
render_2729.png,false
render_2730.png,false
render_2731.png,true
render_2732.png,false
render_2733.png,false
render_2734.png,true
render_2735.png,false
render_2736.png,true
render_2737.png,true
render_2738.png,false
render_2739.png,false
render_2740.png,false
render_2741.png,true
render_2742.png,true
render_2743.png,false
render_2744.png,true
render_2745.png,false
render_2746.png,false
render_2747.png,false
render_2748.png,false
render_2749.png,true
render_2750.png,false
render_2751.png,true
render_2752.png,true
render_2753.png,false
render_2754.png,true
render_2755.png,true
render_2756.png,true
render_2757.png,false
render_2758.png,false
render_2759.png,false
render_2760.png,true
render_2761.png,false
render_2762.png,true
render_2763.png,false
render_2764.png,false
render_2765.png,false
render_2766.png,false
render_2767.png,false
render_2768.png,true
render_2769.png,false
render_2770.png,true
render_2771.png,false
render_2772.png,true
render_2773.png,false
render_2774.png,true
render_2775.png,true
render_2776.png,false
render_2777.png,false
render_2778.png,false
render_2779.png,true
render_2780.png,false
render_2781.png,false
render_2782.png,false
render_2783.png,false
render_2784.png,false
render_2785.png,true
render_2786.png,false
render_2787.png,false
render_2788.png,false
render_2789.png,false
render_2790.png,false
render_2791.png,false
render_2792.png,true
render_2793.png,false
render_2794.png,true
render_2795.png,false
render_2796.png,false
render_2797.png,false
render_2798.png,true
render_2799.png,false
render_2800.png,true
render_2801.png,false
render_2802.png,false
render_2803.png,true
render_2804.png,false
render_2805.png,false
render_2806.png,false
render_2807.png,false
render_2808.png,false
render_2809.png,true
render_2810.png,false
render_2811.png,false
render_2812.png,false
render_2813.png,false
render_2814.png,false
render_2815.png,false
render_2816.png,false
render_2817.png,false
render_2818.png,false
render_2819.png,false
render_2820.png,true
render_2821.png,false
render_2822.png,true
render_2823.png,false
render_2824.png,true
render_2825.png,false
render_2826.png,false
render_2827.png,false
render_2828.png,false
render_2829.png,false
render_2830.png,true
render_2831.png,false
render_2832.png,false
render_2833.png,false
render_2834.png,false
render_2835.png,false
render_2836.png,true
render_2837.png,false
render_2838.png,true
render_2839.png,false
render_2840.png,false
render_2841.png,false
render_2842.png,false
render_2843.png,true
render_2844.png,false
render_2845.png,false
render_2846.png,false
render_2847.png,false
render_2848.png,false
render_2849.png,true
render_2850.png,true
render_2851.png,false
render_2852.png,true
render_2853.png,false
render_2854.png,true
render_2855.png,false
render_2856.png,false
render_2857.png,false
render_2858.png,true
render_2859.png,false
render_2860.png,false
render_2861.png,true
render_2862.png,false
render_2863.png,false
render_2864.png,false
render_2865.png,false
render_2866.png,false
render_2867.png,false
render_2868.png,false
render_2869.png,false
render_2870.png,false
render_2871.png,false
render_2872.png,false
render_2873.png,true
render_2874.png,false
render_2875.png,true
render_2876.png,true
render_2877.png,false
render_2878.png,false
render_2879.png,true
render_2880.png,false
render_2881.png,false
render_2882.png,false
render_2883.png,true
render_2884.png,false
render_2885.png,true
render_2886.png,false
render_2887.png,false
render_2888.png,false
render_2889.png,true
render_2890.png,true
render_2891.png,true
render_2892.png,false
render_2893.png,false
render_2894.png,false
render_2895.png,false
render_2896.png,true
render_2897.png,false
render_2898.png,false
render_2899.png,true
render_2900.png,true
render_2901.png,false
render_2902.png,true
render_2903.png,true
render_2904.png,true
render_2905.png,true
render_2906.png,false
render_2907.png,true
render_2908.png,false
render_2909.png,false
render_2910.png,false
render_2911.png,false
render_2912.png,false
render_2913.png,false
render_2914.png,true
render_2915.png,true
render_2916.png,false
render_2917.png,false
render_2918.png,true
render_2919.png,true
render_2920.png,false
render_2921.png,false
render_2922.png,false
render_2923.png,false
render_2924.png,false
render_2925.png,false
render_2926.png,true
render_2927.png,false
render_2928.png,false
render_2929.png,true
render_2930.png,false
render_2931.png,true
render_2932.png,false
render_2933.png,false
render_2934.png,false
render_2935.png,false
render_2936.png,true
render_2937.png,false
render_2938.png,true
render_2939.png,false
render_2940.png,true
render_2941.png,false
render_2942.png,false
render_2943.png,false
render_2944.png,false
render_2945.png,false
render_2946.png,false
render_2947.png,false
render_2948.png,false
render_2949.png,false
render_2950.png,false
render_2951.png,false
render_2952.png,false
render_2953.png,true
render_2954.png,true
render_2955.png,false
render_2956.png,false
render_2957.png,false
render_2958.png,false
render_2959.png,false
render_2960.png,false
render_2961.png,false
render_2962.png,false
render_2963.png,false
render_2964.png,true
render_2965.png,false
render_2966.png,true
render_2967.png,false
render_2968.png,true
render_2969.png,false
render_2970.png,false
render_2971.png,false
render_2972.png,true
render_2973.png,false
render_2974.png,false
render_2975.png,false
render_2976.png,false
render_2977.png,false
render_2978.png,false
render_2979.png,false
render_2980.png,true
render_2981.png,false
render_2982.png,true
render_2983.png,true
render_2984.png,true
render_2985.png,false
render_2986.png,true
render_2987.png,false
render_2988.png,false
render_2989.png,false
render_2990.png,false
render_2991.png,true
render_2992.png,false
render_2993.png,true
render_2994.png,false
render_2995.png,false
render_2996.png,false
render_2997.png,false
render_2998.png,true
render_2999.png,true
render_3000.png,true
render_3001.png,false
render_3002.png,false
render_3003.png,false
render_3004.png,false
render_3005.png,false
render_3006.png,true
render_3007.png,false
render_3008.png,false
render_3009.png,true
render_3010.png,false
render_3011.png,true
render_3012.png,false
render_3013.png,false
render_3014.png,false
render_3015.png,false
render_3016.png,true
render_3017.png,false
render_3018.png,false
render_3019.png,true
render_3020.png,true
render_3021.png,false
render_3022.png,false
render_3023.png,false
render_3024.png,false
render_3025.png,false
render_3026.png,true
render_3027.png,true
render_3028.png,false
render_3029.png,false
render_3030.png,false
render_3031.png,true
render_3032.png,true
render_3033.png,false
render_3034.png,true
render_3035.png,true
render_3036.png,false
render_3037.png,false
render_3038.png,false
render_3039.png,true
render_3040.png,false
render_3041.png,false
render_3042.png,true
render_3043.png,true
render_3044.png,false
render_3045.png,false
render_3046.png,false
render_3047.png,false
render_3048.png,false
render_3049.png,true
render_3050.png,false
render_3051.png,false
render_3052.png,true
render_3053.png,false
render_3054.png,true
render_3055.png,false
render_3056.png,false
render_3057.png,false
render_3058.png,true
render_3059.png,false
render_3060.png,true
render_3061.png,false
render_3062.png,false
render_3063.png,true
render_3064.png,false
render_3065.png,true
render_3066.png,true
render_3067.png,false
render_3068.png,false
render_3069.png,false
render_3070.png,true
render_3071.png,false
render_3072.png,false
render_3073.png,false
render_3074.png,false
render_3075.png,false
render_3076.png,false
render_3077.png,false
render_3078.png,true
render_3079.png,false
render_3080.png,true
render_3081.png,false
render_3082.png,false
render_3083.png,false
render_3084.png,true
render_3085.png,true
render_3086.png,true
render_3087.png,false
render_3088.png,true
render_3089.png,false
render_3090.png,true
render_3091.png,false
render_3092.png,true
render_3093.png,false
render_3094.png,false
render_3095.png,false
render_3096.png,false
render_3097.png,false
render_3098.png,false
render_3099.png,false
render_3100.png,true
render_3101.png,true
render_3102.png,false
render_3103.png,false
render_3104.png,false
render_3105.png,false
render_3106.png,false
render_3107.png,true
render_3108.png,true
render_3109.png,false
render_3110.png,false
render_3111.png,false
render_3112.png,false
render_3113.png,true
render_3114.png,true
render_3115.png,true
render_3116.png,true
render_3117.png,true
render_3118.png,false
render_3119.png,false
render_3120.png,false
render_3121.png,false
render_3122.png,true
render_3123.png,false
render_3124.png,false
render_3125.png,false
render_3126.png,false
render_3127.png,false
render_3128.png,false
render_3129.png,false
render_3130.png,false
render_3131.png,false
render_3132.png,false
render_3133.png,false
render_3134.png,false
render_3135.png,false
render_3136.png,false
render_3137.png,true
render_3138.png,false
render_3139.png,false
render_3140.png,false
render_3141.png,false
render_3142.png,false
render_3143.png,false
render_3144.png,false
render_3145.png,false
render_3146.png,false
render_3147.png,true
render_3148.png,false
render_3149.png,false
render_3150.png,false
render_3151.png,false
render_3152.png,false
render_3153.png,true
render_3154.png,true
render_3155.png,false
render_3156.png,false
render_3157.png,false
render_3158.png,false
render_3159.png,false
render_3160.png,false
render_3161.png,false
render_3162.png,true
render_3163.png,true
render_3164.png,false
render_3165.png,false
render_3166.png,false
render_3167.png,false
render_3168.png,false
render_3169.png,false
render_3170.png,false
render_3171.png,false
render_3172.png,false
render_3173.png,false
render_3174.png,false
render_3175.png,false
render_3176.png,false
render_3177.png,false
render_3178.png,true
render_3179.png,false
render_3180.png,false
render_3181.png,true
render_3182.png,false
render_3183.png,false
render_3184.png,false
render_3185.png,false
render_3186.png,true
render_3187.png,false
render_3188.png,false
render_3189.png,false
render_3190.png,false
render_3191.png,false
render_3192.png,true
render_3193.png,false
render_3194.png,false
render_3195.png,false
render_3196.png,false
render_3197.png,false
render_3198.png,false
render_3199.png,true
render_3200.png,true
render_3201.png,true
render_3202.png,false
render_3203.png,false
render_3204.png,false
render_3205.png,true
render_3206.png,true
render_3207.png,false
render_3208.png,true
render_3209.png,false
render_3210.png,false
render_3211.png,true
render_3212.png,true
render_3213.png,false
render_3214.png,false
render_3215.png,false
render_3216.png,false
render_3217.png,true
render_3218.png,true
render_3219.png,true
render_3220.png,true
render_3221.png,false
render_3222.png,false
render_3223.png,false
render_3224.png,true
render_3225.png,false
render_3226.png,true
render_3227.png,false
render_3228.png,false
render_3229.png,false
render_3230.png,false
render_3231.png,true
render_3232.png,false
render_3233.png,false
render_3234.png,false
render_3235.png,true
render_3236.png,false
render_3237.png,false
render_3238.png,false
render_3239.png,true
render_3240.png,false
render_3241.png,true
render_3242.png,true
render_3243.png,false
render_3244.png,false
render_3245.png,true
render_3246.png,false
render_3247.png,false
render_3248.png,false
render_3249.png,false
render_3250.png,false
render_3251.png,true
render_3252.png,true
render_3253.png,true
render_3254.png,true
render_3255.png,false
render_3256.png,false
render_3257.png,true
render_3258.png,true
render_3259.png,true
render_3260.png,false
render_3261.png,false
render_3262.png,false
render_3263.png,true
render_3264.png,true
render_3265.png,false
render_3266.png,false
render_3267.png,true
render_3268.png,false
render_3269.png,true
render_3270.png,true
render_3271.png,false
render_3272.png,false
render_3273.png,false
render_3274.png,false
render_3275.png,true
render_3276.png,true
render_3277.png,false
render_3278.png,false
render_3279.png,false
render_3280.png,true
render_3281.png,false
render_3282.png,false
render_3283.png,false
render_3284.png,false
render_3285.png,false
render_3286.png,false
render_3287.png,true
render_3288.png,false
render_3289.png,false
render_3290.png,true
render_3291.png,false
render_3292.png,false
render_3293.png,false
render_3294.png,false
render_3295.png,false
render_3296.png,false
render_3297.png,false
render_3298.png,false
render_3299.png,false
render_3300.png,true
render_3301.png,false
render_3302.png,true
render_3303.png,false
render_3304.png,false
render_3305.png,false
render_3306.png,true
render_3307.png,false
render_3308.png,false
render_3309.png,false
render_3310.png,true
render_3311.png,false
render_3312.png,true
render_3313.png,false
render_3314.png,false
render_3315.png,false
render_3316.png,false
render_3317.png,false
render_3318.png,true
render_3319.png,false
render_3320.png,false
render_3321.png,false
render_3322.png,false
render_3323.png,true
render_3324.png,false
render_3325.png,false
render_3326.png,true
render_3327.png,true
render_3328.png,true
render_3329.png,false
render_3330.png,true
render_3331.png,false
render_3332.png,false
render_3333.png,false
render_3334.png,false
render_3335.png,false
render_3336.png,false
render_3337.png,false
render_3338.png,false
render_3339.png,false
render_3340.png,false
render_3341.png,false
render_3342.png,false
render_3343.png,false
render_3344.png,false
render_3345.png,true
render_3346.png,true
render_3347.png,false
render_3348.png,false
render_3349.png,false
render_3350.png,false
render_3351.png,true
render_3352.png,true
render_3353.png,false
render_3354.png,false
render_3355.png,false
render_3356.png,true
render_3357.png,true
render_3358.png,false
render_3359.png,false
render_3360.png,false
render_3361.png,false
render_3362.png,true
render_3363.png,false
render_3364.png,false
render_3365.png,false
render_3366.png,false
render_3367.png,false
render_3368.png,false
render_3369.png,true
render_3370.png,false
render_3371.png,false
render_3372.png,false
render_3373.png,true
render_3374.png,false
render_3375.png,false
render_3376.png,true
render_3377.png,true
render_3378.png,false
render_3379.png,false
render_3380.png,true
render_3381.png,true
render_3382.png,false
render_3383.png,false
render_3384.png,true
render_3385.png,false
render_3386.png,true
render_3387.png,false
render_3388.png,false
render_3389.png,false
render_3390.png,false
render_3391.png,true
render_3392.png,true
render_3393.png,false
render_3394.png,false
render_3395.png,false
render_3396.png,false
render_3397.png,false
render_3398.png,true
render_3399.png,true
render_3400.png,false
render_3401.png,true
render_3402.png,false
render_3403.png,false
render_3404.png,true
render_3405.png,false
render_3406.png,false
render_3407.png,false
render_3408.png,false
render_3409.png,false
render_3410.png,false
render_3411.png,true
render_3412.png,true
render_3413.png,false
render_3414.png,false
render_3415.png,false
render_3416.png,false
render_3417.png,false
render_3418.png,false
render_3419.png,true
render_3420.png,false
render_3421.png,true
render_3422.png,false
render_3423.png,false
render_3424.png,true
render_3425.png,true
render_3426.png,false
render_3427.png,true
render_3428.png,false
render_3429.png,false
render_3430.png,false
render_3431.png,true
render_3432.png,false
render_3433.png,true
render_3434.png,false
render_3435.png,true
render_3436.png,false
render_3437.png,true
render_3438.png,true
render_3439.png,false
render_3440.png,false
render_3441.png,true
render_3442.png,false
render_3443.png,true
render_3444.png,true
render_3445.png,true
render_3446.png,false
render_3447.png,true
render_3448.png,true
render_3449.png,false
render_3450.png,false
render_3451.png,false
render_3452.png,false
render_3453.png,true
render_3454.png,false
render_3455.png,false
render_3456.png,false
render_3457.png,true
render_3458.png,true
render_3459.png,false
render_3460.png,false
render_3461.png,true
render_3462.png,false
render_3463.png,false
render_3464.png,false
render_3465.png,false
render_3466.png,false
render_3467.png,false
render_3468.png,false
render_3469.png,false
render_3470.png,false
render_3471.png,false
render_3472.png,false
render_3473.png,true
render_3474.png,false
render_3475.png,true
render_3476.png,true
render_3477.png,false
render_3478.png,false
render_3479.png,false
render_3480.png,false
render_3481.png,false
render_3482.png,true
render_3483.png,true
render_3484.png,false
render_3485.png,false
render_3486.png,false
render_3487.png,true
render_3488.png,false
render_3489.png,false
render_3490.png,false
render_3491.png,false
render_3492.png,false
render_3493.png,false
render_3494.png,false
render_3495.png,true
render_3496.png,false
render_3497.png,false
render_3498.png,true
render_3499.png,false
render_3500.png,false
render_3501.png,false
render_3502.png,false
render_3503.png,true
render_3504.png,false
render_3505.png,false
render_3506.png,false
render_3507.png,false
render_3508.png,false
render_3509.png,false
render_3510.png,false
render_3511.png,false
render_3512.png,false
render_3513.png,true
render_3514.png,false
render_3515.png,true
render_3516.png,false
render_3517.png,false
render_3518.png,false
render_3519.png,false
render_3520.png,true
render_3521.png,true
render_3522.png,false
render_3523.png,false
render_3524.png,true
render_3525.png,false
render_3526.png,false
render_3527.png,false
render_3528.png,true
render_3529.png,true
render_3530.png,false
render_3531.png,false
render_3532.png,false
render_3533.png,false
render_3534.png,false
render_3535.png,false
render_3536.png,true
render_3537.png,false
render_3538.png,false
render_3539.png,false
render_3540.png,false
render_3541.png,true
render_3542.png,false
render_3543.png,false
render_3544.png,false
render_3545.png,true
render_3546.png,false
render_3547.png,false
render_3548.png,true
render_3549.png,false
render_3550.png,true
render_3551.png,false
render_3552.png,true
render_3553.png,false
render_3554.png,false
render_3555.png,false
render_3556.png,false
render_3557.png,false
render_3558.png,false
render_3559.png,false
render_3560.png,false
render_3561.png,false
render_3562.png,false
render_3563.png,false
render_3564.png,true
render_3565.png,true
render_3566.png,false
render_3567.png,true
render_3568.png,true
render_3569.png,false
render_3570.png,false
render_3571.png,false
render_3572.png,true
render_3573.png,false
render_3574.png,false
render_3575.png,true
render_3576.png,false
render_3577.png,false
render_3578.png,false
render_3579.png,true
render_3580.png,true
render_3581.png,false
render_3582.png,true
render_3583.png,false
render_3584.png,false
render_3585.png,false
render_3586.png,false
render_3587.png,true
render_3588.png,false
render_3589.png,false
render_3590.png,false
render_3591.png,false
render_3592.png,true
render_3593.png,true
render_3594.png,true
render_3595.png,true
render_3596.png,false
render_3597.png,false
render_3598.png,false
render_3599.png,false
render_3600.png,false
render_3601.png,false
render_3602.png,false
render_3603.png,false
render_3604.png,true
render_3605.png,false
render_3606.png,false
render_3607.png,false
render_3608.png,false
render_3609.png,false
render_3610.png,false
render_3611.png,false
render_3612.png,false
render_3613.png,false
render_3614.png,false
render_3615.png,true
render_3616.png,true
render_3617.png,false
render_3618.png,false
render_3619.png,false
render_3620.png,false
render_3621.png,false
render_3622.png,false
render_3623.png,false
render_3624.png,false
render_3625.png,true
render_3626.png,false
render_3627.png,false
render_3628.png,true
render_3629.png,false
render_3630.png,true
render_3631.png,false
render_3632.png,false
render_3633.png,true
render_3634.png,false
render_3635.png,false
render_3636.png,false
render_3637.png,false
render_3638.png,false
render_3639.png,false
render_3640.png,false
render_3641.png,false
render_3642.png,false
render_3643.png,true
render_3644.png,false
render_3645.png,true
render_3646.png,false
render_3647.png,false
render_3648.png,false
render_3649.png,true
render_3650.png,false
render_3651.png,false
render_3652.png,true
render_3653.png,false
render_3654.png,false
render_3655.png,false
render_3656.png,false
render_3657.png,false
render_3658.png,true
render_3659.png,true
render_3660.png,false
render_3661.png,true
render_3662.png,true
render_3663.png,false
render_3664.png,false
render_3665.png,true
render_3666.png,false
render_3667.png,true
render_3668.png,false
render_3669.png,true
render_3670.png,false
render_3671.png,true
render_3672.png,true
render_3673.png,false
render_3674.png,true
render_3675.png,false
render_3676.png,false
render_3677.png,false
render_3678.png,false
render_3679.png,true
render_3680.png,false
render_3681.png,false
render_3682.png,true
render_3683.png,false
render_3684.png,true
render_3685.png,false
render_3686.png,false
render_3687.png,false
render_3688.png,false
render_3689.png,false
render_3690.png,false
render_3691.png,false
render_3692.png,false
render_3693.png,true
render_3694.png,false
render_3695.png,false
render_3696.png,false
render_3697.png,true
render_3698.png,true
render_3699.png,true
render_3700.png,false
render_3701.png,false
render_3702.png,true
render_3703.png,true
render_3704.png,false
render_3705.png,true
render_3706.png,false
render_3707.png,false
render_3708.png,false
render_3709.png,false
render_3710.png,true
render_3711.png,false
render_3712.png,true
render_3713.png,false
render_3714.png,true
render_3715.png,false
render_3716.png,false
render_3717.png,false
render_3718.png,true
render_3719.png,false
render_3720.png,false
render_3721.png,false
render_3722.png,true
render_3723.png,true
render_3724.png,false
render_3725.png,false
render_3726.png,false
render_3727.png,false
render_3728.png,true
render_3729.png,false
render_3730.png,true
render_3731.png,false
render_3732.png,true
render_3733.png,false
render_3734.png,false
render_3735.png,false
render_3736.png,false
render_3737.png,false
render_3738.png,true
render_3739.png,false
render_3740.png,false
render_3741.png,false
render_3742.png,false
render_3743.png,false
render_3744.png,false
render_3745.png,true
render_3746.png,false
render_3747.png,true
render_3748.png,false
render_3749.png,true
render_3750.png,false
render_3751.png,true
render_3752.png,false
render_3753.png,false
render_3754.png,false
render_3755.png,false
render_3756.png,true
render_3757.png,false
render_3758.png,true
render_3759.png,false
render_3760.png,false
render_3761.png,false
render_3762.png,false
render_3763.png,false
render_3764.png,false
render_3765.png,false
render_3766.png,false
render_3767.png,true
render_3768.png,false
render_3769.png,false
render_3770.png,false
render_3771.png,true
render_3772.png,false
render_3773.png,false
render_3774.png,false
render_3775.png,true
render_3776.png,true
render_3777.png,true
render_3778.png,true
render_3779.png,false
render_3780.png,false
render_3781.png,true
render_3782.png,true
render_3783.png,false
render_3784.png,false
render_3785.png,false
render_3786.png,false
render_3787.png,false
render_3788.png,false
render_3789.png,false
render_3790.png,true
render_3791.png,false
render_3792.png,true
render_3793.png,false
render_3794.png,true
render_3795.png,false
render_3796.png,true
render_3797.png,true
render_3798.png,false
render_3799.png,false
render_3800.png,true
render_3801.png,false
render_3802.png,true
render_3803.png,false
render_3804.png,false
render_3805.png,false
render_3806.png,false
render_3807.png,true
render_3808.png,false
render_3809.png,false
render_3810.png,false
render_3811.png,true
render_3812.png,false
render_3813.png,true
render_3814.png,true
render_3815.png,false
render_3816.png,true
render_3817.png,false
render_3818.png,true
render_3819.png,true
render_3820.png,false
render_3821.png,true
render_3822.png,true
render_3823.png,true
render_3824.png,false
render_3825.png,false
render_3826.png,true
render_3827.png,true
render_3828.png,false
render_3829.png,false
render_3830.png,false
render_3831.png,false
render_3832.png,false
render_3833.png,true
render_3834.png,true
render_3835.png,false
render_3836.png,true
render_3837.png,false
render_3838.png,true
render_3839.png,false
render_3840.png,false
render_3841.png,true
render_3842.png,false
render_3843.png,false
render_3844.png,false
render_3845.png,true
render_3846.png,false
render_3847.png,false
render_3848.png,false
render_3849.png,false
render_3850.png,true
render_3851.png,false
render_3852.png,true
render_3853.png,false
render_3854.png,false
render_3855.png,false
render_3856.png,false
render_3857.png,false
render_3858.png,false
render_3859.png,false
render_3860.png,false
render_3861.png,false
render_3862.png,false
render_3863.png,true
render_3864.png,false
render_3865.png,false
render_3866.png,false
render_3867.png,false
render_3868.png,false
render_3869.png,false
render_3870.png,false
render_3871.png,false
render_3872.png,true
render_3873.png,false
render_3874.png,false
render_3875.png,false
render_3876.png,false
render_3877.png,false
render_3878.png,false
render_3879.png,false
render_3880.png,true
render_3881.png,false
render_3882.png,false
render_3883.png,false
render_3884.png,false
render_3885.png,false
render_3886.png,false
render_3887.png,true
render_3888.png,false
render_3889.png,false
render_3890.png,false
render_3891.png,true
render_3892.png,true
render_3893.png,false
render_3894.png,false
render_3895.png,false
render_3896.png,true
render_3897.png,true
render_3898.png,false
render_3899.png,false
render_3900.png,false
render_3901.png,false
render_3902.png,false
render_3903.png,true
render_3904.png,true
render_3905.png,false
render_3906.png,false
render_3907.png,false
render_3908.png,false
render_3909.png,true
render_3910.png,true
render_3911.png,false
render_3912.png,false
render_3913.png,true
render_3914.png,false
render_3915.png,false
render_3916.png,true
render_3917.png,false
render_3918.png,true
render_3919.png,false
render_3920.png,true
render_3921.png,false
render_3922.png,false
render_3923.png,false
render_3924.png,false
render_3925.png,false
render_3926.png,false
render_3927.png,false
render_3928.png,false
render_3929.png,false
render_3930.png,false
render_3931.png,true
render_3932.png,false
render_3933.png,false
render_3934.png,false
render_3935.png,false
render_3936.png,false
render_3937.png,false
render_3938.png,true
render_3939.png,false
render_3940.png,false
render_3941.png,false
render_3942.png,true
render_3943.png,false
render_3944.png,false
render_3945.png,false
render_3946.png,false
render_3947.png,false
render_3948.png,true
render_3949.png,false
render_3950.png,true
render_3951.png,false
render_3952.png,false
render_3953.png,false
render_3954.png,true
render_3955.png,false
render_3956.png,false
render_3957.png,false
render_3958.png,false
render_3959.png,false
render_3960.png,true
render_3961.png,false
render_3962.png,true
render_3963.png,true
render_3964.png,false
render_3965.png,false
render_3966.png,false
render_3967.png,false
render_3968.png,true
render_3969.png,false
render_3970.png,false
render_3971.png,false
render_3972.png,false
render_3973.png,false
render_3974.png,false
render_3975.png,true
render_3976.png,false
render_3977.png,true
render_3978.png,true
render_3979.png,false
render_3980.png,true
render_3981.png,true
render_3982.png,false
render_3983.png,true
render_3984.png,false
render_3985.png,true
render_3986.png,false
render_3987.png,false
render_3988.png,true
render_3989.png,false
render_3990.png,false
render_3991.png,false
render_3992.png,false
render_3993.png,false
render_3994.png,false
render_3995.png,false
render_3996.png,false
render_3997.png,false
render_3998.png,false
render_3999.png,false
render_4000.png,false
render_4001.png,false
render_4002.png,false
render_4003.png,false
render_4004.png,false
render_4005.png,false
render_4006.png,false
render_4007.png,false
render_4008.png,false
render_4009.png,false
render_4010.png,false
render_4011.png,false
render_4012.png,false
render_4013.png,false
render_4014.png,false
render_4015.png,false
render_4016.png,false
render_4017.png,false
render_4018.png,false
render_4019.png,true
render_4020.png,true
render_4021.png,false
render_4022.png,false
render_4023.png,false
render_4024.png,false
render_4025.png,true
render_4026.png,false
render_4027.png,false
render_4028.png,false
render_4029.png,false
render_4030.png,false
render_4031.png,false
render_4032.png,false
render_4033.png,false
render_4034.png,true
render_4035.png,false
render_4036.png,false
render_4037.png,true
render_4038.png,true
render_4039.png,false
render_4040.png,false
render_4041.png,true
render_4042.png,true
render_4043.png,false
render_4044.png,true
render_4045.png,false
render_4046.png,false
render_4047.png,false
render_4048.png,false
render_4049.png,true
render_4050.png,true
render_4051.png,false
render_4052.png,true
render_4053.png,false
render_4054.png,false
render_4055.png,false
render_4056.png,false
render_4057.png,true
render_4058.png,false
render_4059.png,false
render_4060.png,false
render_4061.png,false
render_4062.png,true
render_4063.png,true
render_4064.png,false
render_4065.png,false
render_4066.png,false
render_4067.png,false
render_4068.png,true
render_4069.png,true
render_4070.png,true
render_4071.png,false
render_4072.png,false
render_4073.png,false
render_4074.png,false
render_4075.png,false
render_4076.png,false
render_4077.png,false
render_4078.png,false
render_4079.png,false
render_4080.png,true
render_4081.png,true
render_4082.png,false
render_4083.png,false
render_4084.png,false
render_4085.png,false
render_4086.png,false
render_4087.png,false
render_4088.png,false
render_4089.png,true
render_4090.png,true
render_4091.png,false
render_4092.png,false
render_4093.png,true
render_4094.png,false
render_4095.png,true
render_4096.png,false
render_4097.png,false
render_4098.png,true
render_4099.png,false
render_4100.png,false
render_4101.png,true
render_4102.png,true
render_4103.png,true
render_4104.png,false
render_4105.png,false
render_4106.png,false
render_4107.png,false
render_4108.png,false
render_4109.png,true
render_4110.png,false
render_4111.png,false
render_4112.png,true
render_4113.png,false
render_4114.png,false
render_4115.png,false
render_4116.png,false
render_4117.png,false
render_4118.png,true
render_4119.png,true
render_4120.png,true
render_4121.png,false
render_4122.png,true
render_4123.png,true
render_4124.png,true
render_4125.png,true
render_4126.png,true
render_4127.png,false
render_4128.png,false
render_4129.png,true
render_4130.png,true
render_4131.png,false
render_4132.png,true
render_4133.png,false
render_4134.png,true
render_4135.png,false
render_4136.png,false
render_4137.png,true
render_4138.png,false
render_4139.png,true
render_4140.png,true
render_4141.png,true
render_4142.png,true
render_4143.png,false
render_4144.png,false
render_4145.png,false
render_4146.png,false
render_4147.png,true
render_4148.png,true
render_4149.png,false
render_4150.png,false
render_4151.png,false
render_4152.png,false
render_4153.png,false
render_4154.png,false
render_4155.png,false
render_4156.png,true
render_4157.png,false
render_4158.png,false
render_4159.png,false
render_4160.png,true
render_4161.png,true
render_4162.png,false
render_4163.png,true
render_4164.png,false
render_4165.png,true
render_4166.png,false
render_4167.png,true
render_4168.png,false
render_4169.png,false
render_4170.png,false
render_4171.png,true
render_4172.png,false
render_4173.png,true
render_4174.png,false
render_4175.png,false
render_4176.png,false
render_4177.png,false
render_4178.png,false
render_4179.png,false
render_4180.png,false
render_4181.png,false
render_4182.png,false
render_4183.png,false
render_4184.png,false
render_4185.png,false
render_4186.png,false
render_4187.png,false
render_4188.png,false
render_4189.png,true
render_4190.png,false
render_4191.png,false
render_4192.png,true
render_4193.png,true
render_4194.png,false
render_4195.png,true
render_4196.png,false
render_4197.png,false
render_4198.png,true
render_4199.png,true
render_4200.png,false
render_4201.png,true
render_4202.png,false
render_4203.png,false
render_4204.png,false
render_4205.png,true
render_4206.png,false
render_4207.png,true
render_4208.png,false
render_4209.png,true
render_4210.png,false
render_4211.png,true
render_4212.png,false
render_4213.png,true
render_4214.png,false
render_4215.png,false
render_4216.png,false
render_4217.png,false
render_4218.png,false
render_4219.png,true
render_4220.png,false
render_4221.png,true
render_4222.png,false
render_4223.png,true
render_4224.png,false
render_4225.png,true
render_4226.png,false
render_4227.png,true
render_4228.png,false
render_4229.png,false
render_4230.png,false
render_4231.png,true
render_4232.png,false
render_4233.png,false
render_4234.png,false
render_4235.png,false
render_4236.png,false
render_4237.png,false
render_4238.png,true
render_4239.png,false
render_4240.png,false
render_4241.png,true
render_4242.png,true
render_4243.png,false
render_4244.png,false
render_4245.png,false
render_4246.png,true
render_4247.png,false
render_4248.png,false
render_4249.png,false
render_4250.png,false
render_4251.png,true
render_4252.png,false
render_4253.png,false
render_4254.png,false
render_4255.png,false
render_4256.png,true
render_4257.png,false
render_4258.png,false
render_4259.png,false
render_4260.png,false
render_4261.png,false
render_4262.png,true
render_4263.png,false
render_4264.png,false
render_4265.png,false
render_4266.png,false
render_4267.png,false
render_4268.png,true
render_4269.png,false
render_4270.png,false
render_4271.png,false
render_4272.png,false
render_4273.png,true
render_4274.png,false
render_4275.png,true
render_4276.png,false
render_4277.png,true
render_4278.png,true
render_4279.png,false
render_4280.png,false
render_4281.png,true
render_4282.png,false
render_4283.png,false
render_4284.png,false
render_4285.png,true
render_4286.png,false
render_4287.png,false
render_4288.png,false
render_4289.png,false
render_4290.png,true
render_4291.png,true
render_4292.png,false
render_4293.png,false
render_4294.png,false
render_4295.png,true
render_4296.png,true
render_4297.png,false
render_4298.png,false
render_4299.png,false
render_4300.png,false
render_4301.png,false
render_4302.png,false
render_4303.png,true
render_4304.png,false
render_4305.png,false
render_4306.png,true
render_4307.png,true
render_4308.png,true
render_4309.png,true
render_4310.png,false
render_4311.png,true
render_4312.png,false
render_4313.png,true
render_4314.png,true
render_4315.png,false
render_4316.png,false
render_4317.png,true
render_4318.png,false
render_4319.png,true
render_4320.png,false
render_4321.png,false
render_4322.png,false
render_4323.png,false
render_4324.png,false
render_4325.png,false
render_4326.png,false
render_4327.png,true
render_4328.png,false
render_4329.png,false
render_4330.png,false
render_4331.png,false
render_4332.png,false
render_4333.png,false
render_4334.png,false
render_4335.png,false
render_4336.png,false
render_4337.png,false
render_4338.png,true
render_4339.png,false
render_4340.png,false
render_4341.png,true
render_4342.png,true
render_4343.png,false
render_4344.png,false
render_4345.png,false
render_4346.png,false
render_4347.png,false
render_4348.png,false
render_4349.png,true
render_4350.png,false
render_4351.png,false
render_4352.png,false
render_4353.png,false
render_4354.png,false
render_4355.png,false
render_4356.png,true
render_4357.png,false
render_4358.png,true
render_4359.png,false
render_4360.png,false
render_4361.png,false
render_4362.png,false
render_4363.png,false
render_4364.png,false
render_4365.png,false
render_4366.png,true
render_4367.png,false
render_4368.png,false
render_4369.png,false
render_4370.png,false
render_4371.png,true
render_4372.png,true
render_4373.png,false
render_4374.png,false
render_4375.png,false
render_4376.png,false
render_4377.png,false
render_4378.png,true
render_4379.png,false
render_4380.png,true
render_4381.png,true
render_4382.png,true
render_4383.png,false
render_4384.png,false
render_4385.png,false
render_4386.png,false
render_4387.png,true
render_4388.png,false
render_4389.png,false
render_4390.png,true
render_4391.png,true
render_4392.png,true
render_4393.png,false
render_4394.png,false
render_4395.png,false
render_4396.png,true
render_4397.png,false
render_4398.png,true
render_4399.png,false
render_4400.png,true
render_4401.png,true
render_4402.png,false
render_4403.png,false
render_4404.png,false
render_4405.png,false
render_4406.png,false
render_4407.png,false
render_4408.png,false
render_4409.png,true
render_4410.png,false
render_4411.png,false
render_4412.png,false
render_4413.png,false
render_4414.png,false
render_4415.png,false
render_4416.png,false
render_4417.png,true
render_4418.png,false
render_4419.png,false
render_4420.png,false
render_4421.png,false
render_4422.png,false
render_4423.png,false
render_4424.png,false
render_4425.png,false
render_4426.png,false
render_4427.png,true
render_4428.png,true
render_4429.png,true
render_4430.png,false
render_4431.png,false
render_4432.png,false
render_4433.png,true
render_4434.png,true
render_4435.png,false
render_4436.png,false
render_4437.png,false
render_4438.png,false
render_4439.png,false
render_4440.png,false
render_4441.png,true
render_4442.png,false
render_4443.png,true
render_4444.png,false
render_4445.png,false
render_4446.png,false
render_4447.png,false
render_4448.png,false
render_4449.png,true
render_4450.png,true
render_4451.png,false
render_4452.png,false
render_4453.png,false
render_4454.png,true
render_4455.png,true
render_4456.png,true
render_4457.png,false
render_4458.png,false
render_4459.png,true
render_4460.png,false
render_4461.png,false
render_4462.png,false
render_4463.png,false
render_4464.png,true
render_4465.png,false
render_4466.png,false
render_4467.png,true
render_4468.png,false
render_4469.png,false
render_4470.png,false
render_4471.png,false
render_4472.png,true
render_4473.png,false
render_4474.png,true
render_4475.png,false
render_4476.png,false
render_4477.png,false
render_4478.png,false
render_4479.png,true
render_4480.png,false
render_4481.png,false
render_4482.png,false
render_4483.png,true
render_4484.png,false
render_4485.png,false
render_4486.png,false
render_4487.png,false
render_4488.png,false
render_4489.png,false
render_4490.png,false
render_4491.png,false
render_4492.png,false
render_4493.png,false
render_4494.png,true
render_4495.png,true
render_4496.png,false
render_4497.png,false
render_4498.png,false
render_4499.png,false
render_4500.png,false
render_4501.png,true
render_4502.png,true
render_4503.png,false
render_4504.png,false
render_4505.png,false
render_4506.png,false
render_4507.png,false
render_4508.png,true
render_4509.png,true
render_4510.png,false
render_4511.png,false
render_4512.png,true
render_4513.png,false
render_4514.png,false
render_4515.png,true
render_4516.png,false
render_4517.png,false
render_4518.png,false
render_4519.png,true
render_4520.png,false
render_4521.png,false
render_4522.png,true
render_4523.png,true
render_4524.png,false
render_4525.png,false
render_4526.png,true
render_4527.png,false
render_4528.png,true
render_4529.png,true
render_4530.png,false
render_4531.png,true
render_4532.png,false
render_4533.png,false
render_4534.png,false
render_4535.png,false
render_4536.png,false
render_4537.png,false
render_4538.png,true
render_4539.png,true
render_4540.png,false
render_4541.png,true
render_4542.png,true
render_4543.png,false
render_4544.png,false
render_4545.png,false
render_4546.png,false
render_4547.png,true
render_4548.png,false
render_4549.png,false
render_4550.png,false
render_4551.png,false
render_4552.png,false
render_4553.png,true
render_4554.png,false
render_4555.png,false
render_4556.png,false
render_4557.png,false
render_4558.png,false
render_4559.png,false
render_4560.png,false
render_4561.png,false
render_4562.png,false
render_4563.png,true
render_4564.png,false
render_4565.png,false
render_4566.png,false
render_4567.png,false
render_4568.png,false
render_4569.png,false
render_4570.png,true
render_4571.png,false
render_4572.png,false
render_4573.png,false
render_4574.png,false
render_4575.png,false
render_4576.png,false
render_4577.png,false
render_4578.png,true
render_4579.png,false
render_4580.png,false
render_4581.png,false
render_4582.png,false
render_4583.png,false
render_4584.png,false
render_4585.png,false
render_4586.png,true
render_4587.png,false
render_4588.png,true
render_4589.png,false
render_4590.png,true
render_4591.png,false
render_4592.png,true
render_4593.png,true
render_4594.png,true
render_4595.png,true
render_4596.png,false
render_4597.png,false
render_4598.png,false
render_4599.png,false
render_4600.png,true
render_4601.png,true
render_4602.png,true
render_4603.png,true
render_4604.png,false
render_4605.png,false
render_4606.png,false
render_4607.png,false
render_4608.png,false
render_4609.png,true
render_4610.png,true
render_4611.png,false
render_4612.png,false
render_4613.png,false
render_4614.png,false
render_4615.png,true
render_4616.png,true
render_4617.png,true
render_4618.png,false
render_4619.png,true
render_4620.png,false
render_4621.png,false
render_4622.png,false
render_4623.png,false
render_4624.png,false
render_4625.png,true
render_4626.png,true
render_4627.png,false
render_4628.png,true
render_4629.png,false
render_4630.png,false
render_4631.png,true
render_4632.png,true
render_4633.png,false
render_4634.png,true
render_4635.png,false
render_4636.png,false
render_4637.png,false
render_4638.png,true
render_4639.png,true
render_4640.png,true
render_4641.png,false
render_4642.png,true
render_4643.png,false
render_4644.png,false
render_4645.png,true
render_4646.png,false
render_4647.png,true
render_4648.png,false
render_4649.png,false
render_4650.png,false
render_4651.png,false
render_4652.png,true
render_4653.png,false
render_4654.png,false
render_4655.png,false
render_4656.png,false
render_4657.png,false
render_4658.png,false
render_4659.png,false
render_4660.png,false
render_4661.png,true
render_4662.png,false
render_4663.png,false
render_4664.png,false
render_4665.png,false
render_4666.png,true
render_4667.png,false
render_4668.png,true
render_4669.png,false
render_4670.png,false
render_4671.png,false
render_4672.png,false
render_4673.png,false
render_4674.png,true
render_4675.png,false
render_4676.png,true
render_4677.png,true
render_4678.png,false
render_4679.png,false
render_4680.png,false
render_4681.png,false
render_4682.png,false
render_4683.png,false
render_4684.png,false
render_4685.png,false
render_4686.png,false
render_4687.png,false
render_4688.png,false
render_4689.png,true
render_4690.png,false
render_4691.png,false
render_4692.png,false
render_4693.png,false
render_4694.png,true
render_4695.png,false
render_4696.png,true
render_4697.png,false
render_4698.png,false
render_4699.png,true
render_4700.png,true
render_4701.png,false
render_4702.png,false
render_4703.png,false
render_4704.png,false
render_4705.png,false
render_4706.png,true
render_4707.png,true
render_4708.png,true
render_4709.png,true
render_4710.png,true
render_4711.png,true
render_4712.png,false
render_4713.png,false
render_4714.png,false
render_4715.png,false
render_4716.png,true
render_4717.png,false
render_4718.png,true
render_4719.png,false
render_4720.png,false
render_4721.png,false
render_4722.png,false
render_4723.png,false
render_4724.png,false
render_4725.png,false
render_4726.png,false
render_4727.png,false
render_4728.png,false
render_4729.png,true
render_4730.png,false
render_4731.png,false
render_4732.png,false
render_4733.png,false
render_4734.png,false
render_4735.png,false
render_4736.png,false
render_4737.png,false
render_4738.png,true
render_4739.png,false
render_4740.png,true
render_4741.png,true
render_4742.png,true
render_4743.png,false
render_4744.png,true
render_4745.png,false
render_4746.png,false
render_4747.png,false
render_4748.png,false
render_4749.png,false
render_4750.png,false
render_4751.png,false
render_4752.png,true
render_4753.png,false
render_4754.png,true
render_4755.png,false
render_4756.png,false
render_4757.png,false
render_4758.png,true
render_4759.png,true
render_4760.png,false
render_4761.png,false
render_4762.png,false
render_4763.png,false
render_4764.png,false
render_4765.png,true
render_4766.png,false
render_4767.png,true
render_4768.png,true
render_4769.png,true
render_4770.png,false
render_4771.png,false
render_4772.png,true
render_4773.png,false
render_4774.png,true
render_4775.png,true
render_4776.png,true
render_4777.png,false
render_4778.png,false
render_4779.png,true
render_4780.png,false
render_4781.png,false
render_4782.png,false
render_4783.png,true
render_4784.png,true
render_4785.png,false
render_4786.png,false
render_4787.png,false
render_4788.png,true
render_4789.png,true
render_4790.png,false
render_4791.png,false
render_4792.png,true
render_4793.png,false
render_4794.png,false
render_4795.png,true
render_4796.png,true
render_4797.png,false
render_4798.png,false
render_4799.png,false
render_4800.png,false
render_4801.png,false
render_4802.png,false
render_4803.png,false
render_4804.png,false
render_4805.png,true
render_4806.png,false
render_4807.png,false
render_4808.png,false
render_4809.png,true
render_4810.png,false
render_4811.png,false
render_4812.png,false
render_4813.png,false
render_4814.png,true
render_4815.png,true
render_4816.png,true
render_4817.png,true
render_4818.png,true
render_4819.png,true
render_4820.png,false
render_4821.png,true
render_4822.png,false
render_4823.png,true
render_4824.png,false
render_4825.png,false
render_4826.png,true
render_4827.png,true
render_4828.png,false
render_4829.png,false
render_4830.png,true
render_4831.png,false
render_4832.png,false
render_4833.png,false
render_4834.png,true
render_4835.png,true
render_4836.png,true
render_4837.png,false
render_4838.png,false
render_4839.png,false
render_4840.png,true
render_4841.png,false
render_4842.png,true
render_4843.png,false
render_4844.png,false
render_4845.png,false
render_4846.png,true
render_4847.png,false
render_4848.png,true
render_4849.png,false
render_4850.png,true
render_4851.png,false
render_4852.png,false
render_4853.png,false
render_4854.png,false
render_4855.png,false
render_4856.png,true
render_4857.png,true
render_4858.png,false
render_4859.png,false
render_4860.png,false
render_4861.png,false
render_4862.png,false
render_4863.png,false
render_4864.png,false
render_4865.png,false
render_4866.png,true
render_4867.png,false
render_4868.png,true
render_4869.png,false
render_4870.png,true
render_4871.png,false
render_4872.png,false
render_4873.png,false
render_4874.png,false
render_4875.png,true
render_4876.png,true
render_4877.png,false
render_4878.png,false
render_4879.png,false
render_4880.png,false
render_4881.png,false
render_4882.png,false
render_4883.png,false
render_4884.png,false
render_4885.png,false
render_4886.png,true
render_4887.png,true
render_4888.png,false
render_4889.png,true
render_4890.png,false
render_4891.png,true
render_4892.png,true
render_4893.png,false
render_4894.png,true
render_4895.png,true
render_4896.png,false
render_4897.png,true
render_4898.png,true
render_4899.png,false
render_4900.png,false
render_4901.png,true
render_4902.png,true
render_4903.png,true
render_4904.png,false
render_4905.png,false
render_4906.png,true
render_4907.png,false
render_4908.png,false
render_4909.png,false
render_4910.png,false
render_4911.png,false
render_4912.png,true
render_4913.png,false
render_4914.png,true
render_4915.png,false
render_4916.png,true
render_4917.png,false
render_4918.png,true
render_4919.png,false
render_4920.png,true
render_4921.png,false
render_4922.png,false
render_4923.png,true
render_4924.png,false
render_4925.png,false
render_4926.png,false
render_4927.png,true
render_4928.png,false
render_4929.png,false
render_4930.png,false
render_4931.png,true
render_4932.png,false
render_4933.png,true
render_4934.png,false
render_4935.png,false
render_4936.png,false
render_4937.png,false
render_4938.png,true
render_4939.png,true
render_4940.png,false
render_4941.png,true
render_4942.png,false
render_4943.png,true
render_4944.png,false
render_4945.png,false
render_4946.png,true
render_4947.png,true
render_4948.png,false
render_4949.png,false
render_4950.png,true
render_4951.png,false
render_4952.png,false
render_4953.png,false
render_4954.png,true
render_4955.png,true
render_4956.png,false
render_4957.png,false
render_4958.png,false
render_4959.png,true
render_4960.png,true
render_4961.png,false
render_4962.png,false
render_4963.png,false
render_4964.png,false
render_4965.png,false
render_4966.png,false
render_4967.png,true
render_4968.png,true
render_4969.png,true
render_4970.png,true
render_4971.png,false
render_4972.png,false
render_4973.png,true
render_4974.png,false
render_4975.png,false
render_4976.png,false
render_4977.png,false
render_4978.png,true
render_4979.png,false
render_4980.png,true
render_4981.png,false
render_4982.png,false
render_4983.png,false
render_4984.png,false
render_4985.png,false
render_4986.png,false
render_4987.png,false
render_4988.png,false
render_4989.png,false
render_4990.png,false
render_4991.png,true
render_4992.png,false
render_4993.png,false
render_4994.png,false
render_4995.png,false
render_4996.png,true
render_4997.png,true
render_4998.png,true
render_4999.png,true
render_5000.png,false
render_5001.png,false
render_5002.png,false
render_5003.png,false
render_5004.png,false
render_5005.png,true
render_5006.png,false
