filename,correcto
render_0000.png,false
render_0001.png,false
render_0002.png,false
render_0003.png,false
render_0004.png,false
render_0005.png,true
render_0006.png,true
render_0007.png,false
render_0008.png,false
render_0009.png,true
render_0010.png,false
render_0011.png,false
render_0012.png,true
render_0013.png,false
render_0014.png,false
render_0015.png,true
render_0016.png,true
render_0017.png,false
render_0018.png,false
render_0019.png,true
render_0020.png,true
render_0021.png,false
render_0022.png,true
render_0023.png,false
render_0024.png,true
render_0025.png,true
render_0026.png,true
render_0027.png,true
render_0028.png,false
render_0029.png,true
render_0030.png,false
render_0031.png,false
render_0032.png,false
render_0033.png,true
render_0034.png,true
render_0035.png,true
render_0036.png,true
render_0037.png,false
render_0038.png,true
render_0039.png,false
render_0040.png,false
render_0041.png,true
render_0042.png,true
render_0043.png,false
render_0044.png,false
render_0045.png,true
render_0046.png,false
render_0047.png,true
render_0048.png,true
render_0049.png,false
render_0050.png,false
render_0051.png,false
render_0052.png,false
render_0053.png,true
render_0054.png,false
render_0055.png,false
render_0056.png,false
render_0057.png,true
render_0058.png,true
render_0059.png,true
render_0060.png,false
render_0061.png,false
render_0062.png,true
render_0063.png,false
render_0064.png,false
render_0065.png,true
render_0066.png,false
render_0067.png,false
render_0068.png,true
render_0069.png,false
render_0070.png,false
render_0071.png,false
render_0072.png,false
render_0073.png,false
render_0074.png,false
render_0075.png,true
render_0076.png,false
render_0077.png,true
render_0078.png,true
render_0079.png,false
render_0080.png,true
render_0081.png,true
render_0082.png,true
render_0083.png,true
render_0084.png,false
render_0085.png,false
render_0086.png,true
render_0087.png,true
render_0088.png,true
render_0089.png,true
render_0090.png,false
render_0091.png,true
render_0092.png,false
render_0093.png,true
render_0094.png,false
render_0095.png,true
render_0096.png,true
render_0097.png,true
render_0098.png,true
render_0099.png,true
render_0100.png,false
render_0101.png,true
render_0102.png,false
render_0103.png,true
render_0104.png,false
render_0105.png,false
render_0106.png,false
render_0107.png,true
render_0108.png,false
render_0109.png,false
render_0110.png,false
render_0111.png,false
render_0112.png,true
render_0113.png,false
render_0114.png,true
render_0115.png,true
render_0116.png,true
render_0117.png,true
render_0118.png,false
render_0119.png,true
render_0120.png,false
render_0121.png,true
render_0122.png,true
render_0123.png,false
render_0124.png,false
render_0125.png,true
render_0126.png,true
render_0127.png,true
render_0128.png,true
render_0129.png,true
render_0130.png,false
render_0131.png,true
render_0132.png,false
render_0133.png,false
render_0134.png,true
render_0135.png,false
render_0136.png,false
render_0137.png,true
render_0138.png,true
render_0139.png,false
render_0140.png,false
render_0141.png,false
render_0142.png,false
render_0143.png,true
render_0144.png,true
render_0145.png,false
render_0146.png,true
render_0147.png,false
render_0148.png,true
render_0149.png,false
render_0150.png,false
render_0151.png,true
render_0152.png,true
render_0153.png,true
render_0154.png,false
render_0155.png,true
render_0156.png,false
render_0157.png,false
render_0158.png,false
render_0159.png,true
render_0160.png,false
render_0161.png,false
render_0162.png,true
render_0163.png,false
render_0164.png,true
render_0165.png,true
render_0166.png,false
render_0167.png,true
render_0168.png,false
render_0169.png,true
render_0170.png,false
render_0171.png,false
render_0172.png,false
render_0173.png,true
render_0174.png,false
render_0175.png,false
render_0176.png,false
render_0177.png,true
render_0178.png,true
render_0179.png,false
render_0180.png,true
render_0181.png,true
render_0182.png,true
render_0183.png,true
render_0184.png,true
render_0185.png,true
render_0186.png,false
render_0187.png,true
render_0188.png,true
render_0189.png,false
render_0190.png,false
render_0191.png,false
render_0192.png,false
render_0193.png,true
render_0194.png,false
render_0195.png,false
render_0196.png,false
render_0197.png,true
render_0198.png,true
render_0199.png,false
render_0200.png,true
render_0201.png,true
render_0202.png,false
render_0203.png,true
render_0204.png,false
render_0205.png,false
render_0206.png,true
render_0207.png,true
render_0208.png,false
render_0209.png,false
render_0210.png,true
render_0211.png,false
render_0212.png,true
render_0213.png,false
render_0214.png,true
render_0215.png,true
render_0216.png,true
render_0217.png,true
render_0218.png,false
render_0219.png,false
render_0220.png,true
render_0221.png,true
render_0222.png,false
render_0223.png,true
render_0224.png,false
render_0225.png,false
render_0226.png,false
render_0227.png,false
render_0228.png,false
render_0229.png,true
render_0230.png,true
render_0231.png,false
render_0232.png,false
render_0233.png,true
render_0234.png,true
render_0235.png,false
render_0236.png,true
render_0237.png,false
render_0238.png,false
render_0239.png,false
render_0240.png,false
render_0241.png,false
render_0242.png,false
render_0243.png,false
render_0244.png,false
render_0245.png,true
render_0246.png,false
render_0247.png,true
render_0248.png,false
render_0249.png,true
render_0250.png,true
render_0251.png,true
render_0252.png,false
render_0253.png,true
render_0254.png,false
render_0255.png,false
render_0256.png,true
render_0257.png,true
render_0258.png,false
render_0259.png,true
render_0260.png,true
render_0261.png,true
render_0262.png,true
render_0263.png,true
render_0264.png,true
render_0265.png,true
render_0266.png,false
render_0267.png,true
render_0268.png,true
render_0269.png,false
render_0270.png,true
render_0271.png,true
render_0272.png,true
render_0273.png,false
render_0274.png,false
render_0275.png,false
render_0276.png,true
render_0277.png,true
render_0278.png,true
render_0279.png,false
render_0280.png,true
render_0281.png,true
render_0282.png,true
render_0283.png,false
render_0284.png,true
render_0285.png,false
render_0286.png,true
render_0287.png,false
render_0288.png,true
render_0289.png,true
render_0290.png,false
render_0291.png,false
render_0292.png,true
render_0293.png,true
render_0294.png,true
render_0295.png,false
render_0296.png,false
render_0297.png,true
render_0298.png,false
render_0299.png,true
render_0300.png,false
render_0301.png,false
render_0302.png,false
render_0303.png,false
render_0304.png,false
render_0305.png,false
render_0306.png,true
render_0307.png,false
render_0308.png,false
render_0309.png,true
render_0310.png,true
render_0311.png,true
render_0312.png,false
render_0313.png,true
render_0314.png,false
render_0315.png,true
render_0316.png,false
render_0317.png,true
render_0318.png,false
render_0319.png,true
render_0320.png,true
render_0321.png,false
render_0322.png,true
render_0323.png,true
render_0324.png,true
render_0325.png,false
render_0326.png,false
render_0327.png,false
render_0328.png,false
render_0329.png,false
render_0330.png,false
render_0331.png,true
render_0332.png,false
render_0333.png,true
render_0334.png,true
render_0335.png,false
render_0336.png,false
render_0337.png,true
render_0338.png,false
render_0339.png,true
render_0340.png,false
render_0341.png,false
render_0342.png,false
render_0343.png,false
render_0344.png,true
render_0345.png,false
render_0346.png,false
render_0347.png,false
render_0348.png,false
render_0349.png,true
render_0350.png,true
render_0351.png,true
render_0352.png,false
render_0353.png,false
render_0354.png,false
render_0355.png,false
render_0356.png,false
render_0357.png,true
render_0358.png,false
render_0359.png,true
render_0360.png,false
render_0361.png,false
render_0362.png,true
render_0363.png,true
render_0364.png,true
render_0365.png,false
render_0366.png,true
render_0367.png,false
render_0368.png,true
render_0369.png,false
render_0370.png,true
render_0371.png,true
render_0372.png,false
render_0373.png,false
render_0374.png,true
render_0375.png,true
render_0376.png,false
render_0377.png,true
render_0378.png,false
render_0379.png,false
render_0380.png,true
render_0381.png,true
render_0382.png,false
render_0383.png,false
render_0384.png,true
render_0385.png,false
render_0386.png,false
render_0387.png,true
render_0388.png,false
render_0389.png,true
render_0390.png,true
render_0391.png,false
render_0392.png,true
render_0393.png,true
render_0394.png,false
render_0395.png,false
render_0396.png,false
render_0397.png,true
render_0398.png,false
render_0399.png,false
render_0400.png,true
render_0401.png,false
render_0402.png,true
render_0403.png,true
render_0404.png,true
render_0405.png,true
render_0406.png,true
render_0407.png,false
render_0408.png,false
render_0409.png,true
render_0410.png,true
render_0411.png,false
render_0412.png,true
render_0413.png,false
render_0414.png,true
render_0415.png,true
render_0416.png,false
render_0417.png,false
render_0418.png,false
render_0419.png,true
render_0420.png,false
render_0421.png,false
render_0422.png,false
render_0423.png,false
render_0424.png,false
render_0425.png,false
render_0426.png,true
render_0427.png,true
render_0428.png,true
render_0429.png,false
render_0430.png,false
render_0431.png,true
render_0432.png,true
render_0433.png,true
render_0434.png,false
render_0435.png,false
render_0436.png,false
render_0437.png,false
render_0438.png,false
render_0439.png,true
render_0440.png,true
render_0441.png,true
render_0442.png,true
render_0443.png,false
render_0444.png,true
render_0445.png,true
render_0446.png,true
render_0447.png,false
render_0448.png,true
render_0449.png,false
render_0450.png,true
render_0451.png,true
render_0452.png,true
render_0453.png,false
render_0454.png,false
render_0455.png,false
render_0456.png,true
render_0457.png,true
render_0458.png,false
render_0459.png,false
render_0460.png,false
render_0461.png,true
render_0462.png,false
render_0463.png,false
render_0464.png,true
render_0465.png,false
render_0466.png,false
render_0467.png,false
render_0468.png,false
render_0469.png,false
render_0470.png,false
render_0471.png,false
render_0472.png,false
render_0473.png,true
render_0474.png,false
render_0475.png,true
render_0476.png,true
render_0477.png,false
render_0478.png,false
render_0479.png,true
render_0480.png,false
render_0481.png,true
render_0482.png,false
render_0483.png,true
render_0484.png,true
render_0485.png,true
render_0486.png,false
render_0487.png,false
render_0488.png,true
render_0489.png,false
render_0490.png,false
render_0491.png,false
render_0492.png,true
render_0493.png,true
render_0494.png,false
render_0495.png,true
render_0496.png,true
render_0497.png,true
render_0498.png,false
render_0499.png,true
render_0500.png,true
render_0501.png,true
render_0502.png,false
render_0503.png,true
render_0504.png,true
render_0505.png,true
render_0506.png,false
render_0507.png,true
render_0508.png,false
render_0509.png,false
render_0510.png,true
render_0511.png,true
render_0512.png,true
render_0513.png,false
render_0514.png,false
render_0515.png,true
render_0516.png,false
render_0517.png,true
render_0518.png,true
render_0519.png,true
render_0520.png,false
render_0521.png,true
render_0522.png,false
render_0523.png,true
render_0524.png,true
render_0525.png,false
render_0526.png,true
render_0527.png,false
render_0528.png,false
render_0529.png,true
render_0530.png,false
render_0531.png,false
render_0532.png,true
render_0533.png,true
render_0534.png,false
render_0535.png,true
render_0536.png,false
render_0537.png,false
render_0538.png,true
render_0539.png,false
render_0540.png,false
render_0541.png,false
render_0542.png,true
render_0543.png,true
render_0544.png,true
render_0545.png,true
render_0546.png,true
render_0547.png,false
render_0548.png,false
render_0549.png,true
render_0550.png,false
render_0551.png,false
render_0552.png,false
render_0553.png,false
render_0554.png,true
render_0555.png,false
render_0556.png,true
render_0557.png,false
render_0558.png,true
render_0559.png,false
render_0560.png,true
render_0561.png,true
render_0562.png,true
render_0563.png,false
render_0564.png,false
render_0565.png,true
render_0566.png,false
render_0567.png,false
render_0568.png,false
render_0569.png,false
render_0570.png,false
render_0571.png,true
render_0572.png,false
render_0573.png,true
render_0574.png,true
render_0575.png,true
render_0576.png,false
render_0577.png,false
render_0578.png,true
render_0579.png,true
render_0580.png,true
render_0581.png,false
render_0582.png,true
render_0583.png,true
render_0584.png,true
render_0585.png,false
render_0586.png,true
render_0587.png,false
render_0588.png,false
render_0589.png,false
render_0590.png,false
render_0591.png,false
render_0592.png,false
render_0593.png,false
render_0594.png,true
render_0595.png,true
render_0596.png,true
render_0597.png,false
render_0598.png,true
render_0599.png,true
render_0600.png,false
render_0601.png,true
render_0602.png,true
render_0603.png,false
render_0604.png,false
render_0605.png,true
render_0606.png,false
render_0607.png,true
render_0608.png,true
render_0609.png,false
render_0610.png,true
render_0611.png,true
render_0612.png,true
render_0613.png,false
render_0614.png,false
render_0615.png,false
render_0616.png,false
render_0617.png,true
render_0618.png,false
render_0619.png,false
render_0620.png,false
render_0621.png,false
render_0622.png,false
render_0623.png,true
render_0624.png,false
render_0625.png,true
render_0626.png,true
render_0627.png,false
render_0628.png,true
render_0629.png,false
render_0630.png,false
render_0631.png,false
render_0632.png,false
render_0633.png,false
render_0634.png,false
render_0635.png,true
render_0636.png,false
render_0637.png,false
render_0638.png,true
render_0639.png,false
render_0640.png,false
render_0641.png,false
render_0642.png,true
render_0643.png,true
render_0644.png,false
render_0645.png,false
render_0646.png,true
render_0647.png,false
render_0648.png,true
render_0649.png,false
render_0650.png,false
render_0651.png,false
render_0652.png,false
render_0653.png,false
render_0654.png,false
render_0655.png,false
render_0656.png,true
render_0657.png,false
render_0658.png,false
render_0659.png,true
render_0660.png,false
render_0661.png,true
render_0662.png,false
render_0663.png,false
render_0664.png,true
render_0665.png,false
render_0666.png,true
render_0667.png,false
render_0668.png,false
render_0669.png,false
render_0670.png,true
render_0671.png,false
render_0672.png,true
render_0673.png,false
render_0674.png,false
render_0675.png,true
render_0676.png,true
render_0677.png,false
render_0678.png,true
render_0679.png,false
render_0680.png,false
render_0681.png,true
render_0682.png,false
render_0683.png,true
render_0684.png,false
render_0685.png,true
render_0686.png,false
render_0687.png,false
render_0688.png,false
render_0689.png,false
render_0690.png,true
render_0691.png,true
render_0692.png,false
render_0693.png,true
render_0694.png,true
render_0695.png,false
render_0696.png,false
render_0697.png,false
render_0698.png,false
render_0699.png,true
render_0700.png,false
render_0701.png,true
render_0702.png,true
render_0703.png,true
render_0704.png,true
render_0705.png,false
render_0706.png,true
render_0707.png,false
render_0708.png,false
render_0709.png,true
render_0710.png,true
render_0711.png,true
render_0712.png,true
render_0713.png,false
render_0714.png,false
render_0715.png,false
render_0716.png,true
render_0717.png,true
render_0718.png,true
render_0719.png,true
render_0720.png,true
render_0721.png,true
render_0722.png,true
render_0723.png,false
render_0724.png,false
render_0725.png,true
render_0726.png,false
render_0727.png,true
render_0728.png,true
render_0729.png,false
render_0730.png,true
render_0731.png,false
render_0732.png,true
render_0733.png,false
render_0734.png,true
render_0735.png,false
render_0736.png,false
render_0737.png,true
render_0738.png,false
render_0739.png,false
render_0740.png,false
render_0741.png,false
render_0742.png,false
render_0743.png,false
render_0744.png,true
render_0745.png,true
render_0746.png,true
render_0747.png,true
render_0748.png,true
render_0749.png,false
render_0750.png,true
render_0751.png,false
render_0752.png,true
render_0753.png,false
render_0754.png,true
render_0755.png,false
render_0756.png,true
render_0757.png,false
render_0758.png,true
render_0759.png,false
render_0760.png,false
render_0761.png,true
render_0762.png,false
render_0763.png,false
render_0764.png,true
render_0765.png,false
render_0766.png,false
render_0767.png,false
render_0768.png,false
render_0769.png,true
render_0770.png,true
render_0771.png,true
render_0772.png,false
render_0773.png,false
render_0774.png,false
render_0775.png,true
render_0776.png,false
render_0777.png,false
render_0778.png,false
render_0779.png,true
render_0780.png,false
render_0781.png,false
render_0782.png,false
render_0783.png,false
render_0784.png,true
render_0785.png,false
render_0786.png,true
render_0787.png,false
render_0788.png,false
render_0789.png,false
render_0790.png,true
render_0791.png,false
render_0792.png,false
render_0793.png,true
render_0794.png,false
render_0795.png,false
render_0796.png,true
render_0797.png,false
render_0798.png,true
render_0799.png,false
render_0800.png,false
render_0801.png,false
render_0802.png,false
render_0803.png,false
render_0804.png,true
render_0805.png,false
render_0806.png,true
render_0807.png,false
render_0808.png,false
render_0809.png,true
render_0810.png,false
render_0811.png,true
render_0812.png,true
render_0813.png,false
render_0814.png,false
render_0815.png,true
render_0816.png,false
render_0817.png,false
render_0818.png,false
render_0819.png,false
render_0820.png,false
render_0821.png,false
render_0822.png,false
render_0823.png,true
render_0824.png,false
render_0825.png,true
render_0826.png,true
render_0827.png,false
render_0828.png,false
render_0829.png,false
render_0830.png,false
render_0831.png,true
render_0832.png,true
render_0833.png,false
render_0834.png,true
render_0835.png,true
render_0836.png,true
render_0837.png,true
render_0838.png,true
render_0839.png,false
render_0840.png,true
render_0841.png,true
render_0842.png,false
render_0843.png,false
render_0844.png,false
render_0845.png,true
render_0846.png,false
render_0847.png,false
render_0848.png,false
render_0849.png,false
render_0850.png,false
render_0851.png,true
render_0852.png,true
render_0853.png,false
render_0854.png,true
render_0855.png,false
render_0856.png,false
render_0857.png,false
render_0858.png,true
render_0859.png,false
render_0860.png,false
render_0861.png,false
render_0862.png,false
render_0863.png,true
render_0864.png,false
render_0865.png,false
render_0866.png,false
render_0867.png,false
render_0868.png,false
render_0869.png,false
render_0870.png,true
render_0871.png,true
render_0872.png,false
render_0873.png,true
render_0874.png,true
render_0875.png,false
render_0876.png,true
render_0877.png,false
render_0878.png,true
render_0879.png,false
render_0880.png,true
render_0881.png,false
render_0882.png,false
render_0883.png,false
render_0884.png,true
render_0885.png,true
render_0886.png,false
render_0887.png,false
render_0888.png,false
render_0889.png,false
render_0890.png,true
render_0891.png,true
render_0892.png,true
render_0893.png,true
render_0894.png,true
render_0895.png,true
render_0896.png,false
render_0897.png,false
render_0898.png,false
render_0899.png,false
render_0900.png,false
render_0901.png,true
render_0902.png,true
render_0903.png,false
render_0904.png,false
render_0905.png,false
render_0906.png,false
render_0907.png,true
render_0908.png,true
render_0909.png,true
render_0910.png,true
render_0911.png,true
render_0912.png,false
render_0913.png,false
render_0914.png,true
render_0915.png,false
render_0916.png,true
render_0917.png,true
render_0918.png,true
render_0919.png,true
render_0920.png,false
render_0921.png,false
render_0922.png,true
render_0923.png,true
render_0924.png,true
render_0925.png,false
render_0926.png,false
render_0927.png,true
render_0928.png,true
render_0929.png,false
render_0930.png,true
render_0931.png,true
render_0932.png,true
render_0933.png,false
render_0934.png,true
render_0935.png,false
render_0936.png,false
render_0937.png,true
render_0938.png,true
render_0939.png,false
render_0940.png,false
render_0941.png,true
render_0942.png,false
render_0943.png,false
render_0944.png,true
render_0945.png,false
render_0946.png,true
render_0947.png,true
render_0948.png,false
render_0949.png,true
render_0950.png,false
render_0951.png,false
render_0952.png,true
render_0953.png,false
render_0954.png,true
render_0955.png,false
render_0956.png,false
render_0957.png,true
render_0958.png,true
render_0959.png,false
render_0960.png,false
render_0961.png,false
render_0962.png,false
render_0963.png,false
render_0964.png,false
render_0965.png,true
render_0966.png,true
render_0967.png,false
render_0968.png,false
render_0969.png,true
render_0970.png,false
render_0971.png,true
render_0972.png,false
render_0973.png,false
render_0974.png,true
render_0975.png,false
render_0976.png,true
render_0977.png,true
render_0978.png,true
render_0979.png,false
render_0980.png,false
render_0981.png,false
render_0982.png,false
render_0983.png,true
render_0984.png,true
render_0985.png,false
render_0986.png,true
render_0987.png,true
render_0988.png,false
render_0989.png,true
render_0990.png,true
render_0991.png,false
render_0992.png,false
render_0993.png,true
render_0994.png,true
render_0995.png,false
render_0996.png,false
render_0997.png,true
render_0998.png,true
render_0999.png,true
render_1000.png,false
render_1001.png,false
render_1002.png,true
render_1003.png,false
render_1004.png,false
render_1005.png,false
render_1006.png,true
render_1007.png,true
render_1008.png,true
render_1009.png,true
render_1010.png,false
render_1011.png,false
render_1012.png,false
render_1013.png,false
render_1014.png,true
render_1015.png,false
render_1016.png,false
render_1017.png,true
render_1018.png,true
render_1019.png,true
render_1020.png,true
render_1021.png,false
render_1022.png,false
render_1023.png,false
render_1024.png,false
render_1025.png,false
render_1026.png,false
render_1027.png,false
render_1028.png,false
render_1029.png,true
render_1030.png,true
render_1031.png,true
render_1032.png,false
render_1033.png,false
render_1034.png,false
render_1035.png,true
render_1036.png,false
render_1037.png,false
render_1038.png,true
render_1039.png,false
render_1040.png,true
render_1041.png,false
render_1042.png,false
render_1043.png,true
render_1044.png,true
render_1045.png,true
render_1046.png,false
render_1047.png,true
render_1048.png,true
render_1049.png,false
render_1050.png,false
render_1051.png,true
render_1052.png,true
render_1053.png,true
render_1054.png,true
render_1055.png,false
render_1056.png,false
render_1057.png,false
render_1058.png,true
render_1059.png,false
render_1060.png,false
render_1061.png,true
render_1062.png,false
render_1063.png,false
render_1064.png,true
render_1065.png,true
render_1066.png,false
render_1067.png,false
render_1068.png,false
render_1069.png,false
render_1070.png,true
render_1071.png,true
render_1072.png,false
render_1073.png,false
render_1074.png,false
render_1075.png,true
render_1076.png,false
render_1077.png,true
render_1078.png,false
render_1079.png,false
render_1080.png,false
render_1081.png,false
render_1082.png,false
render_1083.png,true
render_1084.png,false
render_1085.png,true
render_1086.png,false
render_1087.png,false
render_1088.png,true
render_1089.png,false
render_1090.png,true
render_1091.png,false
render_1092.png,false
render_1093.png,true
render_1094.png,true
render_1095.png,false
render_1096.png,false
render_1097.png,true
render_1098.png,false
render_1099.png,true
render_1100.png,false
render_1101.png,false
render_1102.png,false
render_1103.png,true
render_1104.png,false
render_1105.png,true
render_1106.png,true
render_1107.png,true
render_1108.png,true
render_1109.png,false
render_1110.png,false
render_1111.png,false
render_1112.png,true
render_1113.png,false
render_1114.png,false
render_1115.png,false
render_1116.png,false
render_1117.png,false
render_1118.png,false
render_1119.png,true
render_1120.png,false
render_1121.png,false
render_1122.png,true
render_1123.png,true
render_1124.png,false
render_1125.png,false
render_1126.png,false
render_1127.png,true
render_1128.png,false
render_1129.png,true
render_1130.png,true
render_1131.png,false
render_1132.png,true
render_1133.png,false
render_1134.png,true
render_1135.png,true
render_1136.png,true
render_1137.png,false
render_1138.png,true
render_1139.png,false
render_1140.png,false
render_1141.png,false
render_1142.png,false
render_1143.png,false
render_1144.png,false
render_1145.png,true
render_1146.png,false
render_1147.png,true
render_1148.png,false
render_1149.png,true
render_1150.png,true
render_1151.png,true
render_1152.png,false
render_1153.png,true
render_1154.png,true
render_1155.png,false
render_1156.png,false
render_1157.png,false
render_1158.png,false
render_1159.png,true
render_1160.png,true
render_1161.png,false
render_1162.png,false
render_1163.png,false
render_1164.png,true
render_1165.png,false
render_1166.png,true
render_1167.png,true
render_1168.png,true
render_1169.png,false
render_1170.png,false
render_1171.png,true
render_1172.png,false
render_1173.png,true
render_1174.png,false
render_1175.png,false
render_1176.png,false
render_1177.png,true
render_1178.png,true
render_1179.png,true
render_1180.png,true
render_1181.png,true
render_1182.png,true
render_1183.png,true
render_1184.png,true
render_1185.png,false
render_1186.png,false
render_1187.png,true
render_1188.png,true
render_1189.png,false
render_1190.png,false
render_1191.png,true
render_1192.png,false
render_1193.png,true
render_1194.png,false
render_1195.png,true
render_1196.png,true
render_1197.png,true
render_1198.png,true
render_1199.png,true
render_1200.png,true
render_1201.png,false
render_1202.png,false
render_1203.png,true
render_1204.png,false
render_1205.png,false
render_1206.png,true
render_1207.png,true
render_1208.png,true
render_1209.png,true
render_1210.png,false
render_1211.png,false
render_1212.png,false
render_1213.png,true
render_1214.png,true
render_1215.png,false
render_1216.png,true
render_1217.png,true
render_1218.png,true
render_1219.png,false
render_1220.png,false
render_1221.png,false
render_1222.png,true
render_1223.png,true
render_1224.png,true
render_1225.png,true
render_1226.png,false
render_1227.png,false
render_1228.png,false
render_1229.png,false
render_1230.png,false
render_1231.png,false
render_1232.png,true
render_1233.png,true
render_1234.png,true
render_1235.png,true
render_1236.png,false
render_1237.png,false
render_1238.png,false
render_1239.png,true
render_1240.png,false
render_1241.png,false
render_1242.png,false
render_1243.png,true
render_1244.png,false
render_1245.png,false
render_1246.png,true
render_1247.png,true
render_1248.png,true
render_1249.png,true
render_1250.png,true
render_1251.png,false
render_1252.png,false
render_1253.png,false
render_1254.png,true
render_1255.png,false
render_1256.png,true
render_1257.png,false
render_1258.png,true
render_1259.png,false
render_1260.png,true
render_1261.png,false
render_1262.png,true
render_1263.png,false
render_1264.png,false
render_1265.png,false
render_1266.png,true
render_1267.png,false
render_1268.png,false
render_1269.png,false
render_1270.png,false
render_1271.png,true
render_1272.png,true
render_1273.png,false
render_1274.png,false
render_1275.png,false
render_1276.png,false
render_1277.png,true
render_1278.png,true
render_1279.png,false
render_1280.png,false
render_1281.png,false
render_1282.png,false
render_1283.png,true
render_1284.png,false
render_1285.png,false
render_1286.png,true
render_1287.png,false
render_1288.png,true
render_1289.png,false
render_1290.png,false
render_1291.png,false
render_1292.png,false
render_1293.png,true
render_1294.png,true
render_1295.png,false
render_1296.png,true
render_1297.png,true
render_1298.png,false
render_1299.png,true
render_1300.png,false
render_1301.png,false
render_1302.png,true
render_1303.png,false
render_1304.png,false
render_1305.png,false
render_1306.png,false
render_1307.png,true
render_1308.png,false
render_1309.png,true
render_1310.png,true
render_1311.png,true
render_1312.png,true
render_1313.png,true
render_1314.png,false
render_1315.png,false
render_1316.png,false
render_1317.png,true
render_1318.png,true
render_1319.png,true
render_1320.png,true
render_1321.png,true
render_1322.png,true
render_1323.png,false
render_1324.png,true
render_1325.png,true
render_1326.png,true
render_1327.png,false
render_1328.png,false
render_1329.png,true
render_1330.png,false
render_1331.png,false
render_1332.png,true
render_1333.png,true
render_1334.png,false
render_1335.png,true
render_1336.png,false
render_1337.png,false
render_1338.png,false
render_1339.png,false
render_1340.png,false
render_1341.png,true
render_1342.png,false
render_1343.png,true
render_1344.png,true
render_1345.png,false
render_1346.png,true
render_1347.png,true
render_1348.png,false
render_1349.png,false
render_1350.png,false
render_1351.png,false
render_1352.png,false
render_1353.png,true
render_1354.png,true
render_1355.png,false
render_1356.png,true
render_1357.png,true
render_1358.png,false
render_1359.png,true
render_1360.png,false
render_1361.png,false
render_1362.png,true
render_1363.png,false
render_1364.png,false
render_1365.png,true
render_1366.png,false
render_1367.png,false
render_1368.png,false
render_1369.png,false
render_1370.png,false
render_1371.png,true
render_1372.png,false
render_1373.png,true
render_1374.png,false
render_1375.png,true
render_1376.png,true
render_1377.png,false
render_1378.png,false
render_1379.png,true
render_1380.png,true
render_1381.png,true
render_1382.png,false
render_1383.png,true
render_1384.png,false
render_1385.png,false
render_1386.png,true
render_1387.png,true
render_1388.png,false
render_1389.png,false
render_1390.png,false
render_1391.png,true
render_1392.png,true
render_1393.png,false
render_1394.png,false
render_1395.png,false
render_1396.png,true
render_1397.png,true
render_1398.png,false
render_1399.png,true
render_1400.png,false
render_1401.png,true
render_1402.png,false
render_1403.png,false
render_1404.png,true
render_1405.png,false
render_1406.png,false
render_1407.png,false
render_1408.png,true
render_1409.png,true
render_1410.png,false
render_1411.png,true
render_1412.png,false
render_1413.png,true
render_1414.png,true
render_1415.png,true
render_1416.png,true
render_1417.png,true
render_1418.png,false
render_1419.png,false
render_1420.png,true
render_1421.png,false
render_1422.png,false
render_1423.png,false
render_1424.png,false
render_1425.png,false
render_1426.png,true
render_1427.png,true
render_1428.png,true
render_1429.png,false
render_1430.png,true
render_1431.png,true
render_1432.png,true
render_1433.png,false
render_1434.png,true
render_1435.png,false
render_1436.png,false
render_1437.png,true
render_1438.png,false
render_1439.png,false
render_1440.png,true
render_1441.png,true
render_1442.png,true
render_1443.png,false
render_1444.png,true
render_1445.png,true
render_1446.png,false
render_1447.png,true
render_1448.png,false
render_1449.png,false
render_1450.png,false
render_1451.png,true
render_1452.png,false
render_1453.png,false
render_1454.png,true
render_1455.png,true
render_1456.png,false
render_1457.png,false
render_1458.png,false
render_1459.png,false
render_1460.png,true
render_1461.png,false
render_1462.png,false
render_1463.png,true
render_1464.png,false
render_1465.png,false
render_1466.png,false
render_1467.png,false
render_1468.png,false
render_1469.png,false
render_1470.png,true
render_1471.png,true
render_1472.png,true
render_1473.png,true
render_1474.png,false
render_1475.png,true
render_1476.png,false
render_1477.png,true
render_1478.png,true
render_1479.png,false
render_1480.png,true
render_1481.png,false
render_1482.png,false
render_1483.png,true
render_1484.png,false
render_1485.png,true
render_1486.png,true
render_1487.png,true
render_1488.png,false
render_1489.png,true
render_1490.png,true
render_1491.png,false
render_1492.png,true
render_1493.png,true
render_1494.png,false
render_1495.png,false
render_1496.png,false
render_1497.png,false
render_1498.png,false
render_1499.png,false
render_1500.png,true
render_1501.png,true
render_1502.png,true
render_1503.png,true
render_1504.png,false
render_1505.png,true
render_1506.png,true
render_1507.png,true
render_1508.png,false
render_1509.png,true
render_1510.png,true
render_1511.png,false
render_1512.png,false
render_1513.png,false
render_1514.png,false
render_1515.png,false
render_1516.png,true
render_1517.png,true
render_1518.png,true
render_1519.png,false
render_1520.png,true
render_1521.png,true
render_1522.png,false
render_1523.png,true
render_1524.png,true
render_1525.png,false
render_1526.png,false
render_1527.png,true
render_1528.png,true
render_1529.png,false
render_1530.png,true
render_1531.png,false
render_1532.png,false
render_1533.png,true
render_1534.png,false
render_1535.png,false
render_1536.png,true
render_1537.png,false
render_1538.png,true
render_1539.png,true
render_1540.png,true
render_1541.png,false
render_1542.png,false
render_1543.png,true
render_1544.png,false
render_1545.png,true
render_1546.png,true
render_1547.png,false
render_1548.png,true
render_1549.png,false
render_1550.png,true
render_1551.png,false
render_1552.png,false
render_1553.png,true
render_1554.png,false
render_1555.png,true
render_1556.png,false
render_1557.png,false
render_1558.png,true
render_1559.png,true
render_1560.png,false
render_1561.png,true
render_1562.png,true
render_1563.png,true
render_1564.png,false
render_1565.png,true
render_1566.png,true
render_1567.png,true
render_1568.png,true
render_1569.png,false
render_1570.png,true
render_1571.png,true
render_1572.png,true
render_1573.png,true
render_1574.png,false
render_1575.png,true
render_1576.png,false
render_1577.png,true
render_1578.png,true
render_1579.png,true
render_1580.png,true
render_1581.png,true
render_1582.png,false
render_1583.png,true
render_1584.png,false
render_1585.png,true
render_1586.png,false
render_1587.png,false
render_1588.png,true
render_1589.png,false
render_1590.png,false
render_1591.png,false
render_1592.png,false
render_1593.png,false
render_1594.png,false
render_1595.png,true
render_1596.png,true
render_1597.png,true
render_1598.png,true
render_1599.png,true
render_1600.png,true
render_1601.png,true
render_1602.png,true
render_1603.png,false
render_1604.png,true
render_1605.png,false
render_1606.png,false
render_1607.png,true
render_1608.png,true
render_1609.png,false
render_1610.png,false
render_1611.png,false
render_1612.png,false
render_1613.png,false
render_1614.png,true
render_1615.png,false
render_1616.png,true
render_1617.png,false
render_1618.png,false
render_1619.png,false
render_1620.png,true
render_1621.png,true
render_1622.png,false
render_1623.png,false
render_1624.png,true
render_1625.png,true
render_1626.png,false
render_1627.png,false
render_1628.png,true
render_1629.png,true
render_1630.png,false
render_1631.png,false
render_1632.png,true
render_1633.png,false
render_1634.png,false
render_1635.png,false
render_1636.png,false
render_1637.png,true
render_1638.png,true
render_1639.png,false
render_1640.png,true
render_1641.png,false
render_1642.png,true
render_1643.png,false
render_1644.png,true
render_1645.png,false
render_1646.png,true
render_1647.png,false
render_1648.png,false
render_1649.png,true
render_1650.png,false
render_1651.png,false
render_1652.png,false
render_1653.png,true
render_1654.png,false
render_1655.png,false
render_1656.png,true
render_1657.png,true
render_1658.png,true
render_1659.png,true
render_1660.png,true
render_1661.png,true
render_1662.png,false
render_1663.png,true
render_1664.png,true
render_1665.png,false
render_1666.png,true
render_1667.png,true
render_1668.png,false
render_1669.png,false
render_1670.png,true
render_1671.png,false
render_1672.png,false
render_1673.png,false
render_1674.png,true
render_1675.png,true
render_1676.png,false
render_1677.png,true
render_1678.png,false
render_1679.png,false
render_1680.png,true
render_1681.png,true
render_1682.png,false
render_1683.png,false
render_1684.png,false
render_1685.png,false
render_1686.png,false
render_1687.png,true
render_1688.png,true
render_1689.png,true
render_1690.png,true
render_1691.png,false
render_1692.png,false
render_1693.png,true
render_1694.png,true
render_1695.png,true
render_1696.png,false
render_1697.png,false
render_1698.png,true
render_1699.png,true
render_1700.png,true
render_1701.png,true
render_1702.png,false
render_1703.png,true
render_1704.png,true
render_1705.png,false
render_1706.png,true
render_1707.png,true
render_1708.png,false
render_1709.png,true
render_1710.png,false
render_1711.png,false
render_1712.png,true
render_1713.png,false
render_1714.png,false
render_1715.png,false
render_1716.png,true
render_1717.png,true
render_1718.png,true
render_1719.png,false
render_1720.png,false
render_1721.png,true
render_1722.png,false
render_1723.png,true
render_1724.png,false
render_1725.png,true
render_1726.png,false
render_1727.png,true
render_1728.png,true
render_1729.png,false
render_1730.png,false
render_1731.png,false
render_1732.png,true
render_1733.png,true
render_1734.png,false
render_1735.png,true
render_1736.png,false
render_1737.png,false
render_1738.png,true
render_1739.png,false
render_1740.png,true
render_1741.png,false
render_1742.png,false
render_1743.png,false
render_1744.png,true
render_1745.png,false
render_1746.png,false
render_1747.png,true
render_1748.png,false
render_1749.png,false
render_1750.png,false
render_1751.png,false
render_1752.png,false
render_1753.png,false
render_1754.png,true
render_1755.png,true
render_1756.png,false
render_1757.png,true
render_1758.png,true
render_1759.png,true
render_1760.png,false
render_1761.png,false
render_1762.png,false
render_1763.png,false
render_1764.png,false
render_1765.png,true
render_1766.png,false
render_1767.png,false
render_1768.png,false
render_1769.png,true
render_1770.png,true
render_1771.png,true
render_1772.png,false
render_1773.png,false
render_1774.png,false
render_1775.png,false
render_1776.png,false
render_1777.png,false
render_1778.png,true
render_1779.png,false
render_1780.png,false
render_1781.png,false
render_1782.png,true
render_1783.png,false
render_1784.png,false
render_1785.png,true
render_1786.png,true
render_1787.png,false
render_1788.png,true
render_1789.png,true
render_1790.png,false
render_1791.png,true
render_1792.png,false
render_1793.png,true
render_1794.png,false
render_1795.png,false
render_1796.png,false
render_1797.png,false
render_1798.png,true
render_1799.png,true
render_1800.png,true
render_1801.png,false
render_1802.png,true
render_1803.png,false
render_1804.png,true
render_1805.png,false
render_1806.png,false
render_1807.png,true
render_1808.png,false
render_1809.png,true
render_1810.png,false
render_1811.png,true
render_1812.png,true
render_1813.png,true
render_1814.png,false
render_1815.png,true
render_1816.png,false
render_1817.png,true
render_1818.png,true
render_1819.png,true
render_1820.png,false
render_1821.png,false
render_1822.png,false
render_1823.png,true
render_1824.png,true
render_1825.png,false
render_1826.png,true
render_1827.png,true
render_1828.png,false
render_1829.png,false
render_1830.png,false
render_1831.png,true
render_1832.png,true
render_1833.png,true
render_1834.png,true
render_1835.png,false
render_1836.png,false
render_1837.png,true
render_1838.png,false
render_1839.png,false
render_1840.png,false
render_1841.png,false
render_1842.png,true
render_1843.png,true
render_1844.png,false
render_1845.png,false
render_1846.png,false
render_1847.png,true
render_1848.png,false
render_1849.png,false
render_1850.png,true
render_1851.png,false
render_1852.png,true
render_1853.png,true
render_1854.png,true
render_1855.png,true
render_1856.png,false
render_1857.png,true
render_1858.png,true
render_1859.png,false
render_1860.png,false
render_1861.png,true
render_1862.png,true
render_1863.png,false
render_1864.png,true
render_1865.png,false
render_1866.png,true
render_1867.png,false
render_1868.png,false
render_1869.png,true
render_1870.png,true
render_1871.png,true
render_1872.png,true
render_1873.png,false
render_1874.png,false
render_1875.png,false
render_1876.png,true
render_1877.png,false
render_1878.png,false
render_1879.png,false
render_1880.png,true
render_1881.png,false
render_1882.png,true
render_1883.png,false
render_1884.png,false
render_1885.png,true
render_1886.png,false
render_1887.png,true
render_1888.png,true
render_1889.png,true
render_1890.png,true
render_1891.png,false
render_1892.png,false
render_1893.png,false
render_1894.png,false
render_1895.png,true
render_1896.png,true
render_1897.png,false
render_1898.png,false
render_1899.png,false
render_1900.png,true
render_1901.png,true
render_1902.png,false
render_1903.png,false
render_1904.png,true
render_1905.png,true
render_1906.png,true
render_1907.png,true
render_1908.png,true
render_1909.png,false
render_1910.png,false
render_1911.png,true
render_1912.png,true
render_1913.png,false
render_1914.png,true
render_1915.png,true
render_1916.png,false
render_1917.png,true
render_1918.png,false
render_1919.png,true
render_1920.png,true
render_1921.png,false
render_1922.png,false
render_1923.png,false
render_1924.png,false
render_1925.png,false
render_1926.png,true
render_1927.png,true
render_1928.png,false
render_1929.png,false
render_1930.png,true
render_1931.png,false
render_1932.png,false
render_1933.png,true
render_1934.png,false
render_1935.png,true
render_1936.png,false
render_1937.png,false
render_1938.png,false
render_1939.png,false
render_1940.png,true
render_1941.png,false
render_1942.png,true
render_1943.png,false
render_1944.png,false
render_1945.png,true
render_1946.png,false
render_1947.png,true
render_1948.png,true
render_1949.png,true
render_1950.png,true
render_1951.png,false
render_1952.png,false
render_1953.png,false
render_1954.png,false
render_1955.png,true
render_1956.png,false
render_1957.png,true
render_1958.png,false
render_1959.png,true
render_1960.png,false
render_1961.png,true
render_1962.png,false
render_1963.png,false
render_1964.png,true
render_1965.png,false
render_1966.png,true
render_1967.png,true
render_1968.png,true
render_1969.png,true
render_1970.png,false
render_1971.png,true
render_1972.png,true
render_1973.png,false
render_1974.png,true
render_1975.png,false
render_1976.png,false
render_1977.png,true
render_1978.png,false
render_1979.png,false
render_1980.png,false
render_1981.png,false
render_1982.png,false
render_1983.png,true
render_1984.png,false
render_1985.png,true
render_1986.png,false
render_1987.png,true
render_1988.png,false
render_1989.png,true
render_1990.png,false
render_1991.png,false
render_1992.png,false
render_1993.png,true
render_1994.png,false
render_1995.png,false
render_1996.png,true
render_1997.png,true
render_1998.png,true
render_1999.png,false
render_2000.png,false
render_2001.png,false
render_2002.png,true
render_2003.png,true
render_2004.png,true
render_2005.png,false
render_2006.png,true
render_2007.png,false
render_2008.png,true
render_2009.png,false
render_2010.png,false
render_2011.png,false
render_2012.png,true
render_2013.png,true
render_2014.png,false
render_2015.png,false
render_2016.png,false
render_2017.png,true
render_2018.png,true
render_2019.png,true
render_2020.png,false
render_2021.png,false
render_2022.png,true
render_2023.png,true
render_2024.png,true
render_2025.png,true
render_2026.png,true
render_2027.png,true
render_2028.png,true
render_2029.png,false
render_2030.png,true
render_2031.png,true
render_2032.png,false
render_2033.png,false
render_2034.png,false
render_2035.png,true
render_2036.png,true
render_2037.png,false
render_2038.png,true
render_2039.png,false
render_2040.png,false
render_2041.png,false
render_2042.png,true
render_2043.png,false
render_2044.png,false
render_2045.png,true
render_2046.png,false
render_2047.png,false
render_2048.png,false
render_2049.png,false
render_2050.png,false
render_2051.png,false
render_2052.png,true
render_2053.png,false
render_2054.png,true
render_2055.png,true
render_2056.png,true
render_2057.png,true
render_2058.png,false
render_2059.png,true
render_2060.png,true
render_2061.png,true
render_2062.png,true
render_2063.png,false
render_2064.png,false
render_2065.png,false
render_2066.png,false
render_2067.png,true
render_2068.png,true
render_2069.png,false
render_2070.png,false
render_2071.png,false
render_2072.png,true
render_2073.png,true
render_2074.png,false
render_2075.png,true
render_2076.png,true
render_2077.png,true
render_2078.png,false
render_2079.png,true
render_2080.png,false
render_2081.png,false
render_2082.png,false
render_2083.png,false
render_2084.png,true
render_2085.png,true
render_2086.png,true
render_2087.png,false
render_2088.png,true
render_2089.png,false
render_2090.png,false
render_2091.png,false
render_2092.png,false
render_2093.png,false
render_2094.png,true
render_2095.png,false
render_2096.png,false
render_2097.png,false
render_2098.png,false
render_2099.png,true
render_2100.png,false
render_2101.png,true
render_2102.png,false
render_2103.png,true
render_2104.png,true
render_2105.png,true
render_2106.png,true
render_2107.png,true
render_2108.png,true
render_2109.png,false
render_2110.png,true
render_2111.png,true
render_2112.png,false
render_2113.png,true
render_2114.png,false
render_2115.png,true
render_2116.png,false
render_2117.png,true
render_2118.png,false
render_2119.png,true
render_2120.png,true
render_2121.png,true
render_2122.png,false
render_2123.png,false
render_2124.png,true
render_2125.png,false
render_2126.png,false
render_2127.png,true
render_2128.png,true
render_2129.png,true
render_2130.png,true
render_2131.png,false
render_2132.png,false
render_2133.png,false
render_2134.png,true
render_2135.png,false
render_2136.png,false
render_2137.png,false
render_2138.png,false
render_2139.png,false
render_2140.png,false
render_2141.png,true
render_2142.png,false
render_2143.png,true
render_2144.png,false
render_2145.png,false
render_2146.png,false
render_2147.png,false
render_2148.png,false
render_2149.png,false
render_2150.png,true
render_2151.png,false
render_2152.png,true
render_2153.png,false
render_2154.png,true
render_2155.png,false
render_2156.png,true
render_2157.png,true
render_2158.png,false
render_2159.png,false
render_2160.png,true
render_2161.png,true
render_2162.png,false
render_2163.png,true
render_2164.png,true
render_2165.png,false
render_2166.png,true
render_2167.png,true
render_2168.png,true
render_2169.png,true
render_2170.png,false
render_2171.png,false
render_2172.png,false
render_2173.png,false
render_2174.png,false
render_2175.png,false
render_2176.png,true
render_2177.png,true
render_2178.png,true
render_2179.png,true
render_2180.png,true
render_2181.png,false
render_2182.png,false
render_2183.png,false
render_2184.png,true
render_2185.png,false
render_2186.png,true
render_2187.png,true
render_2188.png,false
render_2189.png,false
render_2190.png,true
render_2191.png,false
render_2192.png,false
render_2193.png,true
render_2194.png,false
render_2195.png,false
render_2196.png,true
render_2197.png,false
render_2198.png,true
render_2199.png,true
render_2200.png,true
render_2201.png,true
render_2202.png,true
render_2203.png,false
render_2204.png,true
render_2205.png,true
render_2206.png,true
render_2207.png,false
render_2208.png,true
render_2209.png,false
render_2210.png,true
render_2211.png,true
render_2212.png,false
render_2213.png,true
render_2214.png,true
render_2215.png,false
render_2216.png,true
render_2217.png,false
render_2218.png,false
render_2219.png,false
render_2220.png,true
render_2221.png,true
render_2222.png,true
render_2223.png,false
render_2224.png,true
render_2225.png,false
render_2226.png,true
render_2227.png,false
render_2228.png,false
render_2229.png,false
render_2230.png,true
render_2231.png,false
render_2232.png,false
render_2233.png,false
render_2234.png,true
render_2235.png,false
render_2236.png,true
render_2237.png,false
render_2238.png,false
render_2239.png,false
render_2240.png,true
render_2241.png,false
render_2242.png,true
render_2243.png,true
render_2244.png,false
render_2245.png,false
render_2246.png,false
render_2247.png,true
render_2248.png,false
render_2249.png,false
render_2250.png,false
render_2251.png,true
render_2252.png,false
render_2253.png,false
render_2254.png,false
render_2255.png,false
render_2256.png,true
render_2257.png,false
render_2258.png,true
render_2259.png,false
render_2260.png,false
render_2261.png,true
render_2262.png,true
render_2263.png,true
render_2264.png,false
render_2265.png,false
render_2266.png,true
render_2267.png,false
render_2268.png,true
render_2269.png,false
render_2270.png,true
render_2271.png,true
render_2272.png,false
render_2273.png,false
render_2274.png,true
render_2275.png,true
render_2276.png,false
render_2277.png,true
render_2278.png,false
render_2279.png,false
render_2280.png,true
render_2281.png,false
render_2282.png,false
render_2283.png,true
render_2284.png,false
render_2285.png,false
render_2286.png,false
render_2287.png,true
render_2288.png,false
render_2289.png,true
render_2290.png,false
render_2291.png,false
render_2292.png,false
render_2293.png,false
render_2294.png,true
render_2295.png,true
render_2296.png,false
render_2297.png,false
render_2298.png,false
render_2299.png,false
render_2300.png,true
render_2301.png,true
render_2302.png,false
render_2303.png,true
render_2304.png,false
render_2305.png,true
render_2306.png,true
render_2307.png,false
render_2308.png,false
render_2309.png,false
render_2310.png,true
render_2311.png,true
render_2312.png,false
render_2313.png,true
render_2314.png,true
render_2315.png,false
render_2316.png,true
render_2317.png,true
render_2318.png,false
render_2319.png,false
render_2320.png,true
render_2321.png,false
render_2322.png,false
render_2323.png,true
render_2324.png,false
render_2325.png,true
render_2326.png,false
render_2327.png,true
render_2328.png,true
render_2329.png,false
render_2330.png,true
render_2331.png,true
render_2332.png,false
render_2333.png,true
render_2334.png,false
render_2335.png,false
render_2336.png,false
render_2337.png,true
render_2338.png,false
render_2339.png,false
render_2340.png,false
render_2341.png,true
render_2342.png,true
render_2343.png,true
render_2344.png,true
render_2345.png,true
render_2346.png,true
render_2347.png,true
render_2348.png,false
render_2349.png,false
render_2350.png,false
render_2351.png,false
render_2352.png,false
render_2353.png,false
render_2354.png,false
render_2355.png,false
render_2356.png,true
render_2357.png,false
render_2358.png,true
render_2359.png,true
render_2360.png,false
render_2361.png,true
render_2362.png,true
render_2363.png,true
render_2364.png,false
render_2365.png,true
render_2366.png,true
render_2367.png,false
render_2368.png,false
render_2369.png,true
render_2370.png,false
render_2371.png,true
render_2372.png,true
render_2373.png,true
render_2374.png,true
render_2375.png,false
render_2376.png,true
render_2377.png,true
render_2378.png,false
render_2379.png,false
render_2380.png,false
render_2381.png,false
render_2382.png,true
render_2383.png,true
render_2384.png,true
render_2385.png,true
render_2386.png,false
render_2387.png,false
render_2388.png,false
render_2389.png,true
render_2390.png,false
render_2391.png,false
render_2392.png,true
render_2393.png,false
render_2394.png,true
render_2395.png,true
render_2396.png,false
render_2397.png,true
render_2398.png,false
render_2399.png,false
render_2400.png,true
render_2401.png,false
render_2402.png,false
render_2403.png,true
render_2404.png,false
render_2405.png,false
render_2406.png,false
render_2407.png,false
render_2408.png,true
render_2409.png,true
render_2410.png,false
render_2411.png,true
render_2412.png,true
render_2413.png,false
render_2414.png,true
render_2415.png,true
render_2416.png,false
render_2417.png,false
render_2418.png,true
render_2419.png,true
render_2420.png,true
render_2421.png,true
render_2422.png,true
render_2423.png,true
render_2424.png,false
render_2425.png,true
render_2426.png,true
render_2427.png,true
render_2428.png,true
render_2429.png,false
render_2430.png,false
render_2431.png,false
render_2432.png,true
render_2433.png,true
render_2434.png,false
render_2435.png,true
render_2436.png,true
render_2437.png,true
render_2438.png,false
render_2439.png,false
render_2440.png,false
render_2441.png,true
render_2442.png,true
render_2443.png,false
render_2444.png,false
render_2445.png,true
render_2446.png,false
render_2447.png,true
render_2448.png,true
render_2449.png,true
render_2450.png,false
render_2451.png,false
render_2452.png,true
render_2453.png,true
render_2454.png,true
render_2455.png,true
render_2456.png,true
render_2457.png,false
render_2458.png,true
render_2459.png,true
render_2460.png,false
render_2461.png,false
render_2462.png,false
render_2463.png,false
render_2464.png,false
render_2465.png,false
render_2466.png,false
render_2467.png,false
render_2468.png,true
render_2469.png,true
render_2470.png,false
render_2471.png,false
render_2472.png,false
render_2473.png,true
render_2474.png,true
render_2475.png,false
render_2476.png,false
render_2477.png,true
render_2478.png,true
render_2479.png,true
render_2480.png,true
render_2481.png,false
render_2482.png,true
render_2483.png,false
render_2484.png,false
render_2485.png,false
render_2486.png,true
render_2487.png,true
render_2488.png,true
render_2489.png,false
render_2490.png,false
render_2491.png,true
render_2492.png,false
render_2493.png,false
render_2494.png,true
render_2495.png,false
render_2496.png,true
render_2497.png,true
render_2498.png,false
render_2499.png,false
render_2500.png,true
render_2501.png,true
render_2502.png,false
render_2503.png,false
render_2504.png,false
render_2505.png,true
render_2506.png,true
render_2507.png,false
render_2508.png,true
render_2509.png,true
render_2510.png,true
render_2511.png,false
render_2512.png,true
render_2513.png,false
render_2514.png,false
render_2515.png,false
render_2516.png,true
render_2517.png,false
render_2518.png,false
render_2519.png,true
render_2520.png,false
render_2521.png,false
render_2522.png,true
render_2523.png,false
render_2524.png,false
render_2525.png,false
render_2526.png,false
render_2527.png,true
render_2528.png,true
render_2529.png,false
render_2530.png,false
render_2531.png,true
render_2532.png,true
render_2533.png,false
render_2534.png,false
render_2535.png,false
render_2536.png,true
render_2537.png,false
render_2538.png,false
render_2539.png,true
render_2540.png,false
render_2541.png,false
render_2542.png,false
render_2543.png,true
render_2544.png,false
render_2545.png,false
render_2546.png,false
render_2547.png,false
render_2548.png,false
render_2549.png,false
render_2550.png,false
render_2551.png,false
render_2552.png,false
render_2553.png,false
render_2554.png,false
render_2555.png,true
render_2556.png,true
render_2557.png,false
render_2558.png,false
render_2559.png,true
render_2560.png,true
render_2561.png,true
render_2562.png,false
render_2563.png,true
render_2564.png,false
render_2565.png,false
render_2566.png,false
render_2567.png,true
render_2568.png,false
render_2569.png,true
render_2570.png,true
render_2571.png,false
render_2572.png,false
render_2573.png,false
render_2574.png,false
render_2575.png,false
render_2576.png,true
render_2577.png,true
render_2578.png,false
render_2579.png,true
render_2580.png,false
render_2581.png,true
render_2582.png,false
render_2583.png,false
render_2584.png,true
render_2585.png,true
render_2586.png,true
render_2587.png,false
render_2588.png,false
render_2589.png,true
render_2590.png,false
render_2591.png,true
render_2592.png,false
render_2593.png,true
render_2594.png,false
render_2595.png,false
render_2596.png,false
render_2597.png,false
render_2598.png,false
render_2599.png,false
render_2600.png,true
render_2601.png,true
render_2602.png,false
render_2603.png,false
render_2604.png,false
render_2605.png,true
render_2606.png,true
render_2607.png,false
render_2608.png,true
render_2609.png,false
render_2610.png,true
render_2611.png,true
render_2612.png,false
render_2613.png,false
render_2614.png,true
render_2615.png,false
render_2616.png,true
render_2617.png,true
render_2618.png,true
render_2619.png,true
render_2620.png,true
render_2621.png,false
render_2622.png,true
render_2623.png,true
render_2624.png,true
render_2625.png,true
render_2626.png,true
render_2627.png,true
render_2628.png,true
render_2629.png,false
render_2630.png,true
render_2631.png,true
render_2632.png,true
render_2633.png,false
render_2634.png,false
render_2635.png,false
render_2636.png,true
render_2637.png,false
render_2638.png,true
render_2639.png,true
render_2640.png,false
render_2641.png,false
render_2642.png,false
render_2643.png,false
render_2644.png,false
render_2645.png,true
render_2646.png,false
render_2647.png,true
render_2648.png,true
render_2649.png,false
render_2650.png,true
render_2651.png,true
render_2652.png,false
render_2653.png,false
render_2654.png,true
render_2655.png,true
render_2656.png,false
render_2657.png,true
render_2658.png,true
render_2659.png,false
render_2660.png,true
render_2661.png,false
render_2662.png,false
render_2663.png,false
render_2664.png,false
render_2665.png,false
render_2666.png,false
render_2667.png,false
render_2668.png,true
render_2669.png,false
render_2670.png,true
render_2671.png,false
render_2672.png,false
render_2673.png,false
render_2674.png,true
render_2675.png,true
render_2676.png,true
render_2677.png,false
render_2678.png,false
render_2679.png,true
render_2680.png,false
render_2681.png,false
render_2682.png,true
render_2683.png,true
render_2684.png,true
render_2685.png,false
render_2686.png,false
render_2687.png,false
render_2688.png,false
render_2689.png,true
render_2690.png,false
render_2691.png,false
render_2692.png,false
render_2693.png,false
render_2694.png,true
render_2695.png,true
render_2696.png,true
render_2697.png,false
render_2698.png,true
render_2699.png,false
render_2700.png,true
render_2701.png,false
render_2702.png,true
render_2703.png,false
render_2704.png,true
render_2705.png,false
render_2706.png,true
render_2707.png,true
render_2708.png,false
render_2709.png,true
render_2710.png,false
render_2711.png,false
render_2712.png,false
render_2713.png,false
render_2714.png,false
render_2715.png,false
render_2716.png,true
render_2717.png,true
render_2718.png,true
render_2719.png,false
render_2720.png,false
render_2721.png,false
render_2722.png,false
render_2723.png,true
render_2724.png,true
render_2725.png,false
render_2726.png,false
render_2727.png,true
render_2728.png,true
render_2729.png,true
render_2730.png,true
render_2731.png,false
render_2732.png,false
render_2733.png,false
render_2734.png,false
render_2735.png,true
render_2736.png,true
render_2737.png,false
render_2738.png,true
render_2739.png,false
render_2740.png,false
render_2741.png,false
render_2742.png,true
render_2743.png,true
render_2744.png,true
render_2745.png,false
render_2746.png,false
render_2747.png,false
render_2748.png,false
render_2749.png,false
render_2750.png,false
render_2751.png,false
render_2752.png,true
render_2753.png,false
render_2754.png,true
render_2755.png,false
render_2756.png,true
render_2757.png,false
render_2758.png,false
render_2759.png,false
render_2760.png,false
render_2761.png,true
render_2762.png,true
render_2763.png,true
render_2764.png,true
render_2765.png,false
render_2766.png,true
render_2767.png,false
render_2768.png,false
render_2769.png,false
render_2770.png,true
render_2771.png,false
render_2772.png,false
render_2773.png,false
render_2774.png,true
render_2775.png,true
render_2776.png,true
render_2777.png,true
render_2778.png,true
render_2779.png,true
render_2780.png,true
render_2781.png,true
render_2782.png,true
render_2783.png,false
render_2784.png,true
render_2785.png,false
render_2786.png,true
render_2787.png,true
render_2788.png,false
render_2789.png,true
render_2790.png,true
render_2791.png,false
render_2792.png,false
render_2793.png,true
render_2794.png,false
render_2795.png,false
render_2796.png,false
render_2797.png,false
render_2798.png,false
render_2799.png,true
render_2800.png,true
render_2801.png,true
render_2802.png,false
render_2803.png,true
render_2804.png,false
render_2805.png,false
render_2806.png,false
render_2807.png,false
render_2808.png,true
render_2809.png,false
render_2810.png,true
render_2811.png,false
render_2812.png,false
render_2813.png,false
render_2814.png,true
render_2815.png,false
render_2816.png,false
render_2817.png,true
render_2818.png,false
render_2819.png,true
render_2820.png,false
render_2821.png,true
render_2822.png,false
render_2823.png,true
render_2824.png,false
render_2825.png,false
render_2826.png,true
render_2827.png,false
render_2828.png,true
render_2829.png,false
render_2830.png,true
render_2831.png,true
render_2832.png,false
render_2833.png,true
render_2834.png,true
render_2835.png,true
render_2836.png,false
render_2837.png,true
render_2838.png,true
render_2839.png,false
render_2840.png,false
render_2841.png,true
render_2842.png,true
render_2843.png,true
render_2844.png,true
render_2845.png,true
render_2846.png,false
render_2847.png,false
render_2848.png,false
render_2849.png,true
render_2850.png,false
render_2851.png,false
render_2852.png,false
render_2853.png,false
render_2854.png,true
render_2855.png,true
render_2856.png,false
render_2857.png,true
render_2858.png,true
render_2859.png,false
render_2860.png,false
render_2861.png,false
render_2862.png,true
render_2863.png,false
render_2864.png,true
render_2865.png,true
render_2866.png,true
render_2867.png,true
render_2868.png,false
render_2869.png,true
render_2870.png,true
render_2871.png,true
render_2872.png,true
render_2873.png,false
render_2874.png,false
render_2875.png,true
render_2876.png,false
render_2877.png,true
render_2878.png,false
render_2879.png,true
render_2880.png,true
render_2881.png,true
render_2882.png,true
render_2883.png,true
render_2884.png,false
render_2885.png,true
render_2886.png,true
render_2887.png,false
render_2888.png,true
render_2889.png,false
render_2890.png,false
render_2891.png,false
render_2892.png,false
render_2893.png,true
render_2894.png,true
render_2895.png,false
render_2896.png,true
render_2897.png,false
render_2898.png,true
render_2899.png,true
render_2900.png,true
render_2901.png,false
render_2902.png,true
render_2903.png,false
render_2904.png,false
render_2905.png,true
render_2906.png,true
render_2907.png,true
render_2908.png,true
render_2909.png,true
render_2910.png,true
render_2911.png,false
render_2912.png,true
render_2913.png,true
render_2914.png,true
render_2915.png,false
render_2916.png,true
render_2917.png,false
render_2918.png,true
render_2919.png,false
render_2920.png,true
render_2921.png,true
render_2922.png,true
render_2923.png,false
render_2924.png,true
render_2925.png,true
render_2926.png,true
render_2927.png,true
render_2928.png,false
render_2929.png,true
render_2930.png,true
render_2931.png,false
render_2932.png,true
render_2933.png,false
render_2934.png,true
render_2935.png,true
render_2936.png,true
render_2937.png,false
render_2938.png,false
render_2939.png,false
render_2940.png,false
render_2941.png,false
render_2942.png,false
render_2943.png,true
render_2944.png,true
render_2945.png,true
render_2946.png,true
render_2947.png,false
render_2948.png,true
render_2949.png,true
render_2950.png,false
render_2951.png,true
render_2952.png,false
render_2953.png,false
render_2954.png,true
render_2955.png,false
render_2956.png,true
render_2957.png,false
render_2958.png,false
render_2959.png,true
render_2960.png,true
render_2961.png,true
render_2962.png,true
render_2963.png,true
render_2964.png,false
render_2965.png,true
render_2966.png,true
render_2967.png,false
render_2968.png,true
render_2969.png,false
render_2970.png,true
render_2971.png,true
render_2972.png,true
render_2973.png,true
render_2974.png,false
render_2975.png,true
render_2976.png,false
render_2977.png,true
render_2978.png,true
render_2979.png,false
render_2980.png,true
render_2981.png,false
render_2982.png,false
render_2983.png,false
render_2984.png,false
render_2985.png,true
render_2986.png,true
render_2987.png,false
render_2988.png,false
render_2989.png,false
render_2990.png,false
render_2991.png,true
render_2992.png,true
render_2993.png,true
render_2994.png,false
render_2995.png,false
render_2996.png,true
render_2997.png,false
render_2998.png,false
render_2999.png,true
render_3000.png,true
render_3001.png,false
render_3002.png,false
render_3003.png,false
render_3004.png,false
render_3005.png,false
render_3006.png,false
render_3007.png,false
render_3008.png,false
render_3009.png,true
render_3010.png,true
render_3011.png,false
render_3012.png,true
render_3013.png,true
render_3014.png,true
render_3015.png,true
render_3016.png,true
render_3017.png,false
render_3018.png,false
render_3019.png,true
render_3020.png,true
render_3021.png,false
render_3022.png,true
render_3023.png,false
render_3024.png,true
render_3025.png,true
render_3026.png,false
render_3027.png,true
render_3028.png,true
render_3029.png,true
render_3030.png,false
render_3031.png,false
render_3032.png,true
render_3033.png,true
render_3034.png,false
render_3035.png,false
render_3036.png,true
render_3037.png,false
render_3038.png,false
render_3039.png,true
render_3040.png,true
render_3041.png,false
render_3042.png,false
render_3043.png,false
render_3044.png,true
render_3045.png,false
render_3046.png,false
render_3047.png,false
render_3048.png,false
render_3049.png,false
render_3050.png,true
render_3051.png,false
render_3052.png,false
render_3053.png,false
render_3054.png,false
render_3055.png,true
render_3056.png,false
render_3057.png,true
render_3058.png,true
render_3059.png,false
render_3060.png,false
render_3061.png,false
render_3062.png,false
render_3063.png,false
render_3064.png,false
render_3065.png,false
render_3066.png,false
render_3067.png,true
render_3068.png,true
render_3069.png,false
render_3070.png,false
render_3071.png,false
render_3072.png,true
render_3073.png,true
render_3074.png,false
render_3075.png,true
render_3076.png,true
render_3077.png,true
render_3078.png,false
render_3079.png,true
render_3080.png,true
render_3081.png,true
render_3082.png,false
render_3083.png,true
render_3084.png,true
render_3085.png,false
render_3086.png,true
render_3087.png,true
render_3088.png,false
render_3089.png,true
render_3090.png,false
render_3091.png,false
render_3092.png,false
render_3093.png,true
render_3094.png,false
render_3095.png,false
render_3096.png,true
render_3097.png,false
render_3098.png,false
render_3099.png,true
render_3100.png,false
render_3101.png,false
render_3102.png,true
render_3103.png,false
render_3104.png,false
render_3105.png,false
render_3106.png,false
render_3107.png,false
render_3108.png,false
render_3109.png,true
render_3110.png,false
render_3111.png,false
render_3112.png,false
render_3113.png,true
render_3114.png,false
render_3115.png,true
render_3116.png,false
render_3117.png,true
render_3118.png,false
render_3119.png,false
render_3120.png,false
render_3121.png,true
render_3122.png,false
render_3123.png,true
render_3124.png,false
render_3125.png,false
render_3126.png,true
render_3127.png,false
render_3128.png,false
render_3129.png,false
render_3130.png,true
render_3131.png,false
render_3132.png,true
render_3133.png,true
render_3134.png,true
render_3135.png,false
render_3136.png,false
render_3137.png,true
render_3138.png,true
render_3139.png,false
render_3140.png,false
render_3141.png,false
render_3142.png,false
render_3143.png,false
render_3144.png,true
render_3145.png,false
render_3146.png,true
render_3147.png,false
render_3148.png,false
render_3149.png,true
render_3150.png,true
render_3151.png,true
render_3152.png,true
render_3153.png,false
render_3154.png,true
render_3155.png,true
render_3156.png,true
render_3157.png,false
render_3158.png,true
render_3159.png,false
render_3160.png,false
render_3161.png,false
render_3162.png,true
render_3163.png,false
render_3164.png,true
render_3165.png,true
render_3166.png,true
render_3167.png,true
render_3168.png,false
render_3169.png,false
render_3170.png,true
render_3171.png,true
render_3172.png,false
render_3173.png,true
render_3174.png,false
render_3175.png,false
render_3176.png,true
render_3177.png,true
render_3178.png,true
render_3179.png,false
render_3180.png,true
render_3181.png,true
render_3182.png,false
render_3183.png,false
render_3184.png,false
render_3185.png,false
render_3186.png,false
render_3187.png,true
render_3188.png,true
render_3189.png,false
render_3190.png,false
render_3191.png,true
render_3192.png,false
render_3193.png,true
render_3194.png,true
render_3195.png,true
render_3196.png,false
render_3197.png,false
render_3198.png,true
render_3199.png,false
render_3200.png,false
render_3201.png,false
render_3202.png,true
render_3203.png,true
render_3204.png,false
render_3205.png,true
render_3206.png,false
render_3207.png,false
render_3208.png,true
render_3209.png,false
render_3210.png,false
render_3211.png,true
render_3212.png,true
render_3213.png,true
render_3214.png,false
render_3215.png,false
render_3216.png,true
render_3217.png,true
render_3218.png,false
render_3219.png,false
render_3220.png,false
render_3221.png,true
render_3222.png,true
render_3223.png,true
render_3224.png,true
render_3225.png,true
render_3226.png,true
render_3227.png,false
render_3228.png,true
render_3229.png,false
render_3230.png,true
render_3231.png,true
render_3232.png,true
render_3233.png,true
render_3234.png,false
render_3235.png,true
render_3236.png,false
render_3237.png,false
render_3238.png,false
render_3239.png,true
render_3240.png,true
render_3241.png,true
render_3242.png,true
render_3243.png,false
render_3244.png,true
render_3245.png,false
render_3246.png,true
render_3247.png,true
render_3248.png,true
render_3249.png,true
render_3250.png,true
render_3251.png,false
render_3252.png,false
render_3253.png,false
render_3254.png,false
render_3255.png,false
render_3256.png,false
render_3257.png,true
render_3258.png,false
render_3259.png,true
render_3260.png,true
render_3261.png,false
render_3262.png,false
render_3263.png,false
render_3264.png,false
render_3265.png,true
render_3266.png,false
render_3267.png,false
render_3268.png,false
render_3269.png,true
render_3270.png,false
render_3271.png,false
render_3272.png,false
render_3273.png,false
render_3274.png,true
render_3275.png,true
render_3276.png,false
render_3277.png,true
render_3278.png,false
render_3279.png,true
render_3280.png,true
render_3281.png,false
render_3282.png,true
render_3283.png,false
render_3284.png,false
render_3285.png,false
render_3286.png,true
render_3287.png,true
render_3288.png,true
render_3289.png,true
render_3290.png,true
render_3291.png,false
render_3292.png,false
render_3293.png,false
render_3294.png,true
render_3295.png,true
render_3296.png,true
render_3297.png,false
render_3298.png,true
render_3299.png,true
render_3300.png,false
render_3301.png,true
render_3302.png,true
render_3303.png,true
render_3304.png,false
render_3305.png,false
render_3306.png,false
render_3307.png,false
render_3308.png,false
render_3309.png,false
render_3310.png,false
render_3311.png,true
render_3312.png,true
render_3313.png,true
render_3314.png,false
render_3315.png,true
render_3316.png,true
render_3317.png,false
render_3318.png,false
render_3319.png,false
render_3320.png,false
render_3321.png,true
render_3322.png,true
render_3323.png,false
render_3324.png,true
render_3325.png,false
render_3326.png,false
render_3327.png,true
render_3328.png,false
render_3329.png,true
render_3330.png,false
render_3331.png,false
render_3332.png,false
render_3333.png,true
render_3334.png,true
render_3335.png,true
render_3336.png,true
render_3337.png,false
render_3338.png,false
render_3339.png,true
render_3340.png,true
render_3341.png,false
render_3342.png,false
render_3343.png,false
render_3344.png,false
render_3345.png,true
render_3346.png,true
render_3347.png,false
render_3348.png,false
render_3349.png,false
render_3350.png,false
render_3351.png,false
render_3352.png,true
render_3353.png,false
render_3354.png,true
render_3355.png,false
render_3356.png,false
render_3357.png,true
render_3358.png,false
render_3359.png,true
render_3360.png,true
render_3361.png,true
render_3362.png,false
render_3363.png,false
render_3364.png,false
render_3365.png,false
render_3366.png,true
render_3367.png,false
render_3368.png,false
render_3369.png,true
render_3370.png,false
render_3371.png,true
render_3372.png,false
render_3373.png,true
render_3374.png,false
render_3375.png,true
render_3376.png,true
render_3377.png,true
render_3378.png,false
render_3379.png,false
render_3380.png,true
render_3381.png,false
render_3382.png,false
render_3383.png,false
render_3384.png,false
render_3385.png,false
render_3386.png,false
render_3387.png,false
render_3388.png,true
render_3389.png,false
render_3390.png,false
render_3391.png,false
render_3392.png,true
render_3393.png,false
render_3394.png,false
render_3395.png,false
render_3396.png,true
render_3397.png,true
render_3398.png,true
render_3399.png,true
render_3400.png,false
render_3401.png,true
render_3402.png,true
render_3403.png,true
render_3404.png,false
render_3405.png,true
render_3406.png,false
render_3407.png,true
render_3408.png,true
render_3409.png,false
render_3410.png,true
render_3411.png,false
render_3412.png,true
render_3413.png,false
render_3414.png,false
render_3415.png,false
render_3416.png,true
render_3417.png,false
render_3418.png,true
render_3419.png,false
render_3420.png,true
render_3421.png,true
render_3422.png,true
render_3423.png,true
render_3424.png,false
render_3425.png,true
render_3426.png,false
render_3427.png,false
render_3428.png,true
render_3429.png,false
render_3430.png,true
render_3431.png,true
render_3432.png,true
render_3433.png,false
render_3434.png,true
render_3435.png,true
render_3436.png,false
render_3437.png,false
render_3438.png,false
render_3439.png,false
render_3440.png,false
render_3441.png,false
render_3442.png,true
render_3443.png,true
render_3444.png,false
render_3445.png,true
render_3446.png,false
render_3447.png,true
render_3448.png,false
render_3449.png,false
render_3450.png,false
render_3451.png,true
render_3452.png,false
render_3453.png,true
render_3454.png,false
render_3455.png,true
render_3456.png,true
render_3457.png,false
render_3458.png,false
render_3459.png,false
render_3460.png,true
render_3461.png,false
render_3462.png,true
render_3463.png,false
render_3464.png,true
render_3465.png,true
render_3466.png,true
render_3467.png,true
render_3468.png,true
render_3469.png,true
render_3470.png,false
render_3471.png,false
render_3472.png,false
render_3473.png,false
render_3474.png,true
render_3475.png,true
render_3476.png,true
render_3477.png,true
render_3478.png,false
render_3479.png,false
render_3480.png,true
render_3481.png,true
render_3482.png,true
render_3483.png,false
render_3484.png,false
render_3485.png,true
render_3486.png,false
render_3487.png,false
render_3488.png,false
render_3489.png,true
render_3490.png,true
render_3491.png,false
render_3492.png,false
render_3493.png,true
render_3494.png,false
render_3495.png,false
render_3496.png,true
render_3497.png,true
render_3498.png,false
render_3499.png,false
render_3500.png,true
render_3501.png,true
render_3502.png,true
render_3503.png,false
render_3504.png,true
render_3505.png,false
render_3506.png,false
render_3507.png,true
render_3508.png,false
render_3509.png,true
render_3510.png,false
render_3511.png,true
render_3512.png,false
render_3513.png,true
render_3514.png,false
render_3515.png,true
render_3516.png,false
render_3517.png,true
render_3518.png,true
render_3519.png,false
render_3520.png,false
render_3521.png,false
render_3522.png,true
render_3523.png,false
render_3524.png,false
render_3525.png,false
render_3526.png,false
render_3527.png,true
render_3528.png,true
render_3529.png,true
render_3530.png,false
render_3531.png,true
render_3532.png,true
render_3533.png,false
render_3534.png,true
render_3535.png,true
render_3536.png,true
render_3537.png,false
render_3538.png,false
render_3539.png,false
render_3540.png,false
render_3541.png,true
render_3542.png,false
render_3543.png,true
render_3544.png,false
render_3545.png,true
render_3546.png,true
render_3547.png,true
render_3548.png,true
render_3549.png,true
render_3550.png,false
render_3551.png,false
render_3552.png,true
render_3553.png,false
render_3554.png,true
render_3555.png,true
render_3556.png,true
render_3557.png,true
render_3558.png,false
render_3559.png,false
render_3560.png,false
render_3561.png,true
render_3562.png,false
render_3563.png,false
render_3564.png,true
render_3565.png,true
render_3566.png,false
render_3567.png,false
render_3568.png,false
render_3569.png,true
render_3570.png,true
render_3571.png,false
render_3572.png,true
render_3573.png,false
render_3574.png,true
render_3575.png,true
render_3576.png,true
render_3577.png,true
render_3578.png,false
render_3579.png,true
render_3580.png,false
render_3581.png,false
render_3582.png,false
render_3583.png,true
render_3584.png,false
render_3585.png,true
render_3586.png,false
render_3587.png,false
render_3588.png,true
render_3589.png,true
render_3590.png,false
render_3591.png,true
render_3592.png,false
render_3593.png,true
render_3594.png,true
render_3595.png,true
render_3596.png,false
render_3597.png,true
render_3598.png,false
render_3599.png,true
render_3600.png,true
render_3601.png,false
render_3602.png,true
render_3603.png,true
render_3604.png,false
render_3605.png,true
render_3606.png,true
render_3607.png,true
render_3608.png,true
render_3609.png,false
render_3610.png,false
render_3611.png,false
render_3612.png,false
render_3613.png,false
render_3614.png,false
render_3615.png,true
render_3616.png,false
render_3617.png,true
render_3618.png,false
render_3619.png,true
render_3620.png,true
render_3621.png,false
render_3622.png,true
render_3623.png,false
render_3624.png,false
render_3625.png,true
render_3626.png,false
render_3627.png,true
render_3628.png,false
render_3629.png,false
render_3630.png,false
render_3631.png,false
render_3632.png,false
render_3633.png,true
render_3634.png,true
render_3635.png,true
render_3636.png,true
render_3637.png,true
render_3638.png,true
render_3639.png,true
render_3640.png,true
render_3641.png,false
render_3642.png,true
render_3643.png,false
render_3644.png,false
render_3645.png,true
render_3646.png,false
render_3647.png,false
render_3648.png,false
render_3649.png,true
render_3650.png,true
render_3651.png,true
render_3652.png,true
render_3653.png,true
render_3654.png,true
render_3655.png,false
render_3656.png,true
render_3657.png,false
render_3658.png,true
render_3659.png,true
render_3660.png,false
render_3661.png,true
render_3662.png,true
render_3663.png,false
render_3664.png,false
render_3665.png,false
render_3666.png,true
render_3667.png,false
render_3668.png,true
render_3669.png,false
render_3670.png,false
render_3671.png,false
render_3672.png,true
render_3673.png,true
render_3674.png,false
render_3675.png,true
render_3676.png,true
render_3677.png,false
render_3678.png,false
render_3679.png,true
render_3680.png,false
render_3681.png,false
render_3682.png,false
render_3683.png,true
render_3684.png,true
render_3685.png,false
render_3686.png,true
render_3687.png,true
render_3688.png,true
render_3689.png,true
render_3690.png,false
render_3691.png,false
render_3692.png,true
render_3693.png,false
render_3694.png,false
render_3695.png,true
render_3696.png,true
render_3697.png,true
render_3698.png,true
render_3699.png,true
render_3700.png,true
render_3701.png,false
render_3702.png,true
render_3703.png,false
render_3704.png,true
render_3705.png,true
render_3706.png,true
render_3707.png,true
render_3708.png,true
render_3709.png,false
render_3710.png,false
render_3711.png,false
render_3712.png,false
render_3713.png,true
render_3714.png,false
render_3715.png,true
render_3716.png,false
render_3717.png,false
render_3718.png,false
render_3719.png,true
render_3720.png,false
render_3721.png,true
render_3722.png,false
render_3723.png,false
render_3724.png,true
render_3725.png,true
render_3726.png,true
render_3727.png,false
render_3728.png,true
render_3729.png,true
render_3730.png,false
render_3731.png,false
render_3732.png,true
render_3733.png,true
render_3734.png,false
render_3735.png,true
render_3736.png,true
render_3737.png,true
render_3738.png,true
render_3739.png,false
render_3740.png,true
render_3741.png,false
render_3742.png,false
render_3743.png,true
render_3744.png,true
render_3745.png,true
render_3746.png,false
render_3747.png,true
render_3748.png,false
render_3749.png,true
render_3750.png,true
render_3751.png,false
render_3752.png,true
render_3753.png,true
render_3754.png,false
render_3755.png,false
render_3756.png,false
render_3757.png,false
render_3758.png,false
render_3759.png,true
render_3760.png,true
render_3761.png,true
render_3762.png,true
render_3763.png,true
render_3764.png,true
render_3765.png,true
render_3766.png,true
render_3767.png,true
render_3768.png,true
render_3769.png,true
render_3770.png,false
render_3771.png,false
render_3772.png,true
render_3773.png,false
render_3774.png,true
render_3775.png,false
render_3776.png,true
render_3777.png,true
render_3778.png,true
render_3779.png,true
render_3780.png,true
render_3781.png,false
render_3782.png,true
render_3783.png,true
render_3784.png,false
render_3785.png,true
render_3786.png,true
render_3787.png,true
render_3788.png,true
render_3789.png,false
render_3790.png,true
render_3791.png,true
render_3792.png,true
render_3793.png,true
render_3794.png,false
render_3795.png,true
render_3796.png,false
render_3797.png,true
render_3798.png,false
render_3799.png,true
render_3800.png,false
render_3801.png,false
render_3802.png,true
render_3803.png,true
render_3804.png,false
render_3805.png,true
render_3806.png,false
render_3807.png,false
render_3808.png,true
render_3809.png,false
render_3810.png,false
render_3811.png,true
render_3812.png,false
render_3813.png,true
render_3814.png,false
render_3815.png,false
render_3816.png,true
render_3817.png,true
render_3818.png,false
render_3819.png,false
render_3820.png,false
render_3821.png,true
render_3822.png,false
render_3823.png,false
render_3824.png,true
render_3825.png,true
render_3826.png,false
render_3827.png,true
render_3828.png,true
render_3829.png,false
render_3830.png,true
render_3831.png,false
render_3832.png,true
render_3833.png,true
render_3834.png,false
render_3835.png,true
render_3836.png,false
render_3837.png,true
render_3838.png,true
render_3839.png,false
render_3840.png,false
render_3841.png,true
render_3842.png,true
render_3843.png,true
render_3844.png,true
render_3845.png,false
render_3846.png,false
render_3847.png,true
render_3848.png,false
render_3849.png,false
render_3850.png,false
render_3851.png,true
render_3852.png,true
render_3853.png,true
render_3854.png,false
render_3855.png,false
render_3856.png,false
render_3857.png,true
render_3858.png,false
render_3859.png,false
render_3860.png,false
render_3861.png,true
render_3862.png,false
render_3863.png,true
render_3864.png,false
render_3865.png,true
render_3866.png,false
render_3867.png,true
render_3868.png,false
render_3869.png,true
render_3870.png,false
render_3871.png,false
render_3872.png,false
render_3873.png,true
render_3874.png,true
render_3875.png,true
render_3876.png,true
render_3877.png,true
render_3878.png,false
render_3879.png,true
render_3880.png,false
render_3881.png,true
render_3882.png,true
render_3883.png,true
render_3884.png,false
render_3885.png,false
render_3886.png,false
render_3887.png,false
render_3888.png,false
render_3889.png,true
render_3890.png,false
render_3891.png,false
render_3892.png,false
render_3893.png,true
render_3894.png,true
render_3895.png,true
render_3896.png,true
render_3897.png,true
render_3898.png,false
render_3899.png,true
render_3900.png,true
render_3901.png,true
render_3902.png,true
render_3903.png,true
render_3904.png,true
render_3905.png,true
render_3906.png,false
render_3907.png,true
render_3908.png,false
render_3909.png,true
render_3910.png,true
render_3911.png,true
render_3912.png,true
render_3913.png,true
render_3914.png,true
render_3915.png,false
render_3916.png,false
render_3917.png,false
render_3918.png,false
render_3919.png,true
render_3920.png,false
render_3921.png,true
render_3922.png,true
render_3923.png,true
render_3924.png,false
render_3925.png,true
render_3926.png,false
render_3927.png,true
render_3928.png,false
render_3929.png,false
render_3930.png,false
render_3931.png,true
render_3932.png,false
render_3933.png,true
render_3934.png,false
render_3935.png,false
render_3936.png,true
render_3937.png,false
render_3938.png,true
render_3939.png,false
render_3940.png,false
render_3941.png,true
render_3942.png,false
render_3943.png,true
render_3944.png,false
render_3945.png,false
render_3946.png,true
render_3947.png,true
render_3948.png,false
render_3949.png,true
render_3950.png,true
render_3951.png,false
render_3952.png,false
render_3953.png,false
render_3954.png,false
render_3955.png,false
render_3956.png,false
render_3957.png,false
render_3958.png,false
render_3959.png,true
render_3960.png,false
render_3961.png,false
render_3962.png,false
render_3963.png,true
render_3964.png,true
render_3965.png,true
render_3966.png,false
render_3967.png,false
render_3968.png,true
render_3969.png,false
render_3970.png,false
render_3971.png,true
render_3972.png,false
render_3973.png,false
render_3974.png,false
render_3975.png,true
render_3976.png,true
render_3977.png,true
render_3978.png,false
render_3979.png,true
render_3980.png,true
render_3981.png,false
render_3982.png,true
render_3983.png,false
render_3984.png,true
render_3985.png,false
render_3986.png,false
render_3987.png,true
render_3988.png,true
render_3989.png,true
render_3990.png,false
render_3991.png,false
render_3992.png,true
render_3993.png,true
render_3994.png,true
render_3995.png,true
render_3996.png,false
render_3997.png,false
render_3998.png,true
render_3999.png,true
render_4000.png,false
render_4001.png,false
render_4002.png,false
render_4003.png,false
render_4004.png,true
render_4005.png,true
render_4006.png,true
render_4007.png,false
render_4008.png,false
render_4009.png,false
render_4010.png,false
render_4011.png,true
render_4012.png,false
render_4013.png,true
render_4014.png,true
render_4015.png,false
render_4016.png,true
render_4017.png,false
render_4018.png,true
render_4019.png,true
render_4020.png,true
render_4021.png,true
render_4022.png,false
render_4023.png,false
render_4024.png,false
render_4025.png,true
render_4026.png,false
render_4027.png,true
render_4028.png,true
render_4029.png,false
render_4030.png,true
render_4031.png,true
render_4032.png,true
render_4033.png,true
render_4034.png,false
render_4035.png,true
render_4036.png,true
render_4037.png,true
render_4038.png,false
render_4039.png,true
render_4040.png,true
render_4041.png,true
render_4042.png,false
render_4043.png,false
render_4044.png,true
render_4045.png,true
render_4046.png,false
render_4047.png,true
render_4048.png,false
render_4049.png,false
render_4050.png,false
render_4051.png,false
render_4052.png,true
render_4053.png,false
render_4054.png,false
render_4055.png,false
render_4056.png,false
render_4057.png,true
render_4058.png,true
render_4059.png,false
render_4060.png,true
render_4061.png,true
render_4062.png,true
render_4063.png,true
render_4064.png,false
render_4065.png,false
render_4066.png,false
render_4067.png,false
render_4068.png,true
render_4069.png,false
render_4070.png,true
render_4071.png,true
render_4072.png,true
render_4073.png,false
render_4074.png,true
render_4075.png,false
render_4076.png,true
render_4077.png,false
render_4078.png,true
render_4079.png,false
render_4080.png,true
render_4081.png,false
render_4082.png,true
render_4083.png,false
render_4084.png,false
render_4085.png,true
render_4086.png,false
render_4087.png,true
render_4088.png,true
render_4089.png,false
render_4090.png,false
render_4091.png,false
render_4092.png,true
render_4093.png,true
render_4094.png,true
render_4095.png,false
render_4096.png,true
render_4097.png,false
render_4098.png,false
render_4099.png,false
render_4100.png,false
render_4101.png,false
render_4102.png,true
render_4103.png,true
render_4104.png,false
render_4105.png,true
render_4106.png,false
render_4107.png,false
render_4108.png,true
render_4109.png,false
render_4110.png,true
render_4111.png,false
render_4112.png,true
render_4113.png,true
render_4114.png,true
render_4115.png,true
render_4116.png,true
render_4117.png,true
render_4118.png,false
render_4119.png,false
render_4120.png,true
render_4121.png,false
render_4122.png,true
render_4123.png,true
render_4124.png,true
render_4125.png,true
render_4126.png,true
render_4127.png,true
render_4128.png,true
render_4129.png,false
render_4130.png,false
render_4131.png,false
render_4132.png,false
render_4133.png,false
render_4134.png,true
render_4135.png,false
render_4136.png,false
render_4137.png,false
render_4138.png,false
render_4139.png,false
render_4140.png,false
render_4141.png,false
render_4142.png,true
render_4143.png,true
render_4144.png,true
render_4145.png,false
render_4146.png,true
render_4147.png,true
render_4148.png,true
render_4149.png,false
render_4150.png,true
render_4151.png,true
render_4152.png,true
render_4153.png,true
render_4154.png,true
render_4155.png,true
render_4156.png,false
render_4157.png,false
render_4158.png,true
render_4159.png,true
render_4160.png,true
render_4161.png,true
render_4162.png,false
render_4163.png,true
render_4164.png,false
render_4165.png,false
render_4166.png,true
render_4167.png,false
render_4168.png,true
render_4169.png,true
render_4170.png,true
render_4171.png,false
render_4172.png,false
render_4173.png,true
render_4174.png,false
render_4175.png,true
render_4176.png,true
render_4177.png,true
render_4178.png,true
render_4179.png,true
render_4180.png,false
render_4181.png,false
render_4182.png,false
render_4183.png,false
render_4184.png,false
render_4185.png,true
render_4186.png,true
render_4187.png,true
render_4188.png,false
render_4189.png,true
render_4190.png,true
render_4191.png,true
render_4192.png,false
render_4193.png,false
render_4194.png,true
render_4195.png,false
render_4196.png,false
render_4197.png,true
render_4198.png,false
render_4199.png,false
render_4200.png,true
render_4201.png,true
render_4202.png,false
render_4203.png,true
render_4204.png,true
render_4205.png,false
render_4206.png,true
render_4207.png,true
render_4208.png,false
render_4209.png,true
render_4210.png,true
render_4211.png,false
render_4212.png,false
render_4213.png,true
render_4214.png,true
render_4215.png,true
render_4216.png,false
render_4217.png,true
render_4218.png,false
render_4219.png,true
render_4220.png,true
render_4221.png,false
render_4222.png,true
render_4223.png,true
render_4224.png,true
render_4225.png,true
render_4226.png,false
render_4227.png,true
render_4228.png,false
render_4229.png,true
render_4230.png,false
render_4231.png,true
render_4232.png,true
render_4233.png,false
render_4234.png,false
render_4235.png,true
render_4236.png,true
render_4237.png,false
render_4238.png,false
render_4239.png,true
render_4240.png,false
render_4241.png,true
render_4242.png,false
render_4243.png,false
render_4244.png,false
render_4245.png,false
render_4246.png,false
render_4247.png,false
render_4248.png,true
render_4249.png,false
render_4250.png,true
render_4251.png,false
render_4252.png,false
render_4253.png,false
render_4254.png,false
render_4255.png,true
render_4256.png,false
render_4257.png,true
render_4258.png,false
render_4259.png,true
render_4260.png,true
render_4261.png,false
render_4262.png,true
render_4263.png,false
render_4264.png,true
render_4265.png,false
render_4266.png,true
render_4267.png,true
render_4268.png,true
render_4269.png,true
render_4270.png,false
render_4271.png,true
render_4272.png,true
render_4273.png,false
render_4274.png,false
render_4275.png,false
render_4276.png,true
render_4277.png,true
render_4278.png,true
render_4279.png,false
render_4280.png,true
render_4281.png,false
render_4282.png,true
render_4283.png,true
render_4284.png,false
render_4285.png,true
render_4286.png,true
render_4287.png,true
render_4288.png,false
render_4289.png,true
render_4290.png,true
render_4291.png,false
render_4292.png,true
render_4293.png,true
render_4294.png,false
render_4295.png,true
render_4296.png,false
render_4297.png,false
render_4298.png,true
render_4299.png,false
render_4300.png,false
render_4301.png,true
render_4302.png,false
render_4303.png,true
render_4304.png,true
render_4305.png,false
render_4306.png,false
render_4307.png,false
render_4308.png,true
render_4309.png,false
render_4310.png,true
render_4311.png,true
render_4312.png,true
render_4313.png,true
render_4314.png,false
render_4315.png,false
render_4316.png,false
render_4317.png,true
render_4318.png,true
render_4319.png,true
render_4320.png,false
render_4321.png,true
render_4322.png,true
render_4323.png,true
render_4324.png,false
render_4325.png,false
render_4326.png,false
render_4327.png,false
render_4328.png,false
render_4329.png,true
render_4330.png,true
render_4331.png,false
render_4332.png,false
render_4333.png,true
render_4334.png,true
render_4335.png,false
render_4336.png,true
render_4337.png,false
render_4338.png,false
render_4339.png,true
render_4340.png,true
render_4341.png,true
render_4342.png,true
render_4343.png,false
render_4344.png,true
render_4345.png,false
render_4346.png,true
render_4347.png,false
render_4348.png,false
render_4349.png,true
render_4350.png,true
render_4351.png,false
render_4352.png,false
render_4353.png,true
render_4354.png,false
render_4355.png,false
render_4356.png,false
render_4357.png,true
render_4358.png,true
render_4359.png,false
render_4360.png,true
render_4361.png,true
render_4362.png,true
render_4363.png,false
render_4364.png,false
render_4365.png,false
render_4366.png,false
render_4367.png,true
render_4368.png,false
render_4369.png,false
render_4370.png,false
render_4371.png,true
render_4372.png,false
render_4373.png,false
render_4374.png,true
render_4375.png,true
render_4376.png,true
render_4377.png,true
render_4378.png,true
render_4379.png,true
render_4380.png,true
render_4381.png,true
render_4382.png,false
render_4383.png,true
render_4384.png,false
render_4385.png,true
render_4386.png,false
render_4387.png,false
render_4388.png,false
render_4389.png,true
render_4390.png,false
render_4391.png,true
render_4392.png,false
render_4393.png,false
render_4394.png,false
render_4395.png,false
render_4396.png,true
render_4397.png,false
render_4398.png,false
render_4399.png,true
render_4400.png,false
render_4401.png,true
render_4402.png,true
render_4403.png,true
render_4404.png,true
render_4405.png,false
render_4406.png,true
render_4407.png,true
render_4408.png,true
render_4409.png,false
render_4410.png,true
render_4411.png,true
render_4412.png,true
render_4413.png,false
render_4414.png,true
render_4415.png,false
render_4416.png,true
render_4417.png,true
render_4418.png,true
render_4419.png,true
render_4420.png,true
render_4421.png,false
render_4422.png,false
render_4423.png,true
render_4424.png,false
render_4425.png,false
render_4426.png,false
render_4427.png,false
render_4428.png,false
render_4429.png,false
render_4430.png,false
render_4431.png,false
render_4432.png,true
render_4433.png,true
render_4434.png,true
render_4435.png,true
render_4436.png,false
render_4437.png,false
render_4438.png,false
render_4439.png,false
render_4440.png,true
render_4441.png,false
render_4442.png,true
render_4443.png,true
render_4444.png,false
render_4445.png,true
render_4446.png,true
render_4447.png,false
render_4448.png,true
render_4449.png,true
render_4450.png,true
render_4451.png,true
render_4452.png,true
render_4453.png,true
render_4454.png,false
render_4455.png,false
render_4456.png,true
render_4457.png,true
render_4458.png,false
render_4459.png,true
render_4460.png,true
render_4461.png,true
render_4462.png,true
render_4463.png,false
render_4464.png,true
render_4465.png,false
render_4466.png,true
render_4467.png,true
render_4468.png,false
render_4469.png,true
render_4470.png,false
render_4471.png,false
render_4472.png,false
render_4473.png,true
render_4474.png,false
render_4475.png,true
render_4476.png,true
render_4477.png,true
render_4478.png,false
render_4479.png,false
render_4480.png,true
render_4481.png,false
render_4482.png,false
render_4483.png,true
render_4484.png,false
render_4485.png,true
render_4486.png,false
render_4487.png,true
render_4488.png,false
render_4489.png,false
render_4490.png,true
render_4491.png,false
render_4492.png,false
render_4493.png,false
render_4494.png,true
render_4495.png,true
render_4496.png,true
render_4497.png,false
render_4498.png,true
render_4499.png,true
render_4500.png,false
render_4501.png,true
render_4502.png,false
render_4503.png,true
render_4504.png,false
render_4505.png,false
render_4506.png,false
render_4507.png,false
render_4508.png,true
render_4509.png,false
render_4510.png,false
render_4511.png,true
render_4512.png,true
render_4513.png,false
render_4514.png,true
render_4515.png,false
render_4516.png,false
render_4517.png,false
render_4518.png,false
render_4519.png,false
render_4520.png,false
render_4521.png,false
render_4522.png,true
render_4523.png,false
render_4524.png,false
render_4525.png,true
render_4526.png,false
render_4527.png,true
render_4528.png,true
render_4529.png,false
render_4530.png,true
render_4531.png,false
render_4532.png,true
render_4533.png,false
render_4534.png,true
render_4535.png,true
render_4536.png,true
render_4537.png,false
render_4538.png,true
render_4539.png,true
render_4540.png,true
render_4541.png,true
render_4542.png,false
render_4543.png,false
render_4544.png,false
render_4545.png,false
render_4546.png,false
render_4547.png,false
render_4548.png,true
render_4549.png,false
render_4550.png,false
render_4551.png,false
render_4552.png,true
render_4553.png,true
render_4554.png,false
render_4555.png,true
render_4556.png,true
render_4557.png,true
render_4558.png,false
render_4559.png,false
render_4560.png,false
render_4561.png,false
render_4562.png,true
render_4563.png,true
render_4564.png,false
render_4565.png,true
render_4566.png,true
render_4567.png,true
render_4568.png,false
render_4569.png,false
render_4570.png,true
render_4571.png,false
render_4572.png,true
render_4573.png,true
render_4574.png,true
render_4575.png,true
render_4576.png,true
render_4577.png,true
render_4578.png,false
render_4579.png,true
render_4580.png,false
render_4581.png,true
render_4582.png,false
render_4583.png,true
render_4584.png,true
render_4585.png,false
render_4586.png,true
render_4587.png,true
render_4588.png,false
render_4589.png,true
render_4590.png,true
render_4591.png,false
render_4592.png,true
render_4593.png,false
render_4594.png,true
render_4595.png,false
render_4596.png,false
render_4597.png,false
render_4598.png,true
render_4599.png,true
render_4600.png,true
render_4601.png,false
render_4602.png,true
render_4603.png,false
render_4604.png,false
render_4605.png,true
render_4606.png,false
render_4607.png,false
render_4608.png,true
render_4609.png,true
render_4610.png,true
render_4611.png,false
render_4612.png,false
render_4613.png,false
render_4614.png,true
render_4615.png,true
render_4616.png,true
render_4617.png,true
render_4618.png,false
render_4619.png,true
render_4620.png,false
render_4621.png,true
render_4622.png,false
render_4623.png,true
render_4624.png,false
render_4625.png,true
render_4626.png,false
render_4627.png,true
render_4628.png,true
render_4629.png,false
render_4630.png,false
render_4631.png,true
render_4632.png,true
render_4633.png,false
render_4634.png,true
render_4635.png,true
render_4636.png,true
render_4637.png,true
render_4638.png,false
render_4639.png,true
render_4640.png,false
render_4641.png,true
render_4642.png,true
render_4643.png,true
render_4644.png,false
render_4645.png,true
render_4646.png,false
render_4647.png,true
render_4648.png,true
render_4649.png,true
render_4650.png,true
render_4651.png,false
render_4652.png,true
render_4653.png,true
render_4654.png,false
render_4655.png,true
render_4656.png,false
render_4657.png,true
render_4658.png,true
render_4659.png,false
render_4660.png,false
render_4661.png,false
render_4662.png,false
render_4663.png,false
render_4664.png,false
render_4665.png,false
render_4666.png,false
render_4667.png,false
render_4668.png,false
render_4669.png,true
render_4670.png,true
render_4671.png,true
render_4672.png,false
render_4673.png,true
render_4674.png,false
render_4675.png,false
render_4676.png,true
render_4677.png,true
render_4678.png,false
render_4679.png,false
render_4680.png,true
render_4681.png,false
render_4682.png,false
render_4683.png,false
render_4684.png,false
render_4685.png,true
render_4686.png,false
render_4687.png,false
render_4688.png,true
render_4689.png,true
render_4690.png,true
render_4691.png,false
render_4692.png,false
render_4693.png,false
render_4694.png,true
render_4695.png,true
render_4696.png,true
render_4697.png,true
render_4698.png,true
render_4699.png,true
render_4700.png,false
render_4701.png,false
render_4702.png,true
render_4703.png,false
render_4704.png,true
render_4705.png,false
render_4706.png,true
render_4707.png,true
render_4708.png,false
render_4709.png,false
render_4710.png,false
render_4711.png,true
render_4712.png,false
render_4713.png,false
render_4714.png,true
render_4715.png,true
render_4716.png,false
render_4717.png,false
render_4718.png,true
render_4719.png,true
render_4720.png,true
render_4721.png,true
render_4722.png,false
render_4723.png,false
render_4724.png,false
render_4725.png,false
render_4726.png,false
render_4727.png,true
render_4728.png,false
render_4729.png,false
render_4730.png,true
render_4731.png,false
render_4732.png,false
render_4733.png,true
render_4734.png,false
render_4735.png,false
render_4736.png,false
render_4737.png,false
render_4738.png,false
render_4739.png,true
render_4740.png,false
render_4741.png,false
render_4742.png,false
render_4743.png,false
render_4744.png,true
render_4745.png,true
render_4746.png,false
render_4747.png,false
render_4748.png,true
render_4749.png,true
render_4750.png,false
render_4751.png,true
render_4752.png,true
render_4753.png,true
render_4754.png,true
render_4755.png,false
render_4756.png,false
render_4757.png,true
render_4758.png,false
render_4759.png,true
render_4760.png,true
render_4761.png,false
render_4762.png,false
render_4763.png,true
render_4764.png,true
render_4765.png,true
render_4766.png,false
render_4767.png,false
render_4768.png,true
render_4769.png,false
render_4770.png,false
render_4771.png,false
render_4772.png,true
render_4773.png,false
render_4774.png,false
render_4775.png,true
render_4776.png,false
render_4777.png,false
render_4778.png,false
render_4779.png,true
render_4780.png,true
render_4781.png,true
render_4782.png,false
render_4783.png,true
render_4784.png,true
render_4785.png,false
render_4786.png,true
render_4787.png,true
render_4788.png,false
render_4789.png,false
render_4790.png,false
render_4791.png,false
render_4792.png,true
render_4793.png,true
render_4794.png,true
render_4795.png,true
render_4796.png,true
render_4797.png,true
render_4798.png,false
render_4799.png,false
render_4800.png,false
render_4801.png,false
render_4802.png,false
render_4803.png,true
render_4804.png,true
render_4805.png,false
render_4806.png,false
render_4807.png,true
render_4808.png,true
render_4809.png,false
render_4810.png,true
render_4811.png,false
render_4812.png,true
render_4813.png,false
render_4814.png,true
render_4815.png,false
render_4816.png,false
render_4817.png,true
render_4818.png,true
render_4819.png,false
render_4820.png,false
render_4821.png,false
render_4822.png,false
render_4823.png,true
render_4824.png,true
render_4825.png,false
render_4826.png,false
render_4827.png,true
render_4828.png,false
render_4829.png,true
render_4830.png,false
render_4831.png,true
render_4832.png,false
render_4833.png,true
render_4834.png,true
render_4835.png,true
render_4836.png,false
render_4837.png,true
render_4838.png,true
render_4839.png,true
render_4840.png,false
render_4841.png,false
render_4842.png,true
render_4843.png,true
render_4844.png,true
render_4845.png,false
render_4846.png,false
render_4847.png,true
render_4848.png,false
render_4849.png,true
render_4850.png,true
render_4851.png,false
render_4852.png,true
render_4853.png,true
render_4854.png,true
render_4855.png,false
render_4856.png,false
render_4857.png,true
render_4858.png,true
render_4859.png,false
render_4860.png,false
render_4861.png,true
render_4862.png,true
render_4863.png,false
render_4864.png,true
render_4865.png,false
render_4866.png,true
render_4867.png,false
render_4868.png,false
render_4869.png,false
render_4870.png,true
render_4871.png,false
render_4872.png,true
render_4873.png,false
render_4874.png,false
render_4875.png,true
render_4876.png,true
render_4877.png,true
render_4878.png,false
render_4879.png,false
render_4880.png,false
render_4881.png,false
render_4882.png,true
render_4883.png,true
render_4884.png,false
render_4885.png,true
render_4886.png,false
render_4887.png,false
render_4888.png,true
render_4889.png,true
render_4890.png,false
render_4891.png,true
render_4892.png,false
render_4893.png,false
render_4894.png,true
render_4895.png,false
render_4896.png,false
render_4897.png,false
render_4898.png,true
render_4899.png,false
render_4900.png,false
render_4901.png,false
render_4902.png,true
render_4903.png,true
render_4904.png,true
render_4905.png,true
render_4906.png,false
render_4907.png,true
render_4908.png,false
render_4909.png,false
render_4910.png,true
render_4911.png,true
render_4912.png,false
render_4913.png,false
render_4914.png,false
render_4915.png,false
render_4916.png,true
render_4917.png,true
render_4918.png,true
render_4919.png,true
render_4920.png,true
render_4921.png,false
render_4922.png,true
render_4923.png,true
render_4924.png,true
render_4925.png,true
render_4926.png,true
render_4927.png,false
render_4928.png,false
render_4929.png,true
render_4930.png,false
render_4931.png,false
render_4932.png,false
render_4933.png,true
render_4934.png,true
render_4935.png,false
render_4936.png,false
render_4937.png,false
render_4938.png,true
render_4939.png,false
render_4940.png,true
render_4941.png,false
render_4942.png,true
render_4943.png,false
render_4944.png,true
render_4945.png,true
render_4946.png,true
render_4947.png,false
render_4948.png,true
render_4949.png,true
render_4950.png,false
render_4951.png,false
render_4952.png,true
render_4953.png,false
render_4954.png,false
render_4955.png,true
render_4956.png,false
render_4957.png,false
render_4958.png,true
render_4959.png,true
render_4960.png,true
render_4961.png,false
render_4962.png,false
render_4963.png,false
render_4964.png,true
render_4965.png,true
render_4966.png,false
render_4967.png,true
render_4968.png,false
render_4969.png,true
render_4970.png,true
render_4971.png,false
render_4972.png,true
render_4973.png,true
render_4974.png,true
render_4975.png,false
render_4976.png,true
render_4977.png,false
render_4978.png,false
render_4979.png,false
render_4980.png,false
render_4981.png,false
render_4982.png,true
render_4983.png,true
render_4984.png,false
render_4985.png,true
render_4986.png,true
render_4987.png,false
render_4988.png,true
render_4989.png,false
render_4990.png,false
render_4991.png,false
render_4992.png,true
render_4993.png,true
render_4994.png,false
render_4995.png,false
render_4996.png,false
render_4997.png,false
render_4998.png,false
render_4999.png,false
render_5000.png,false
render_5001.png,false
render_5002.png,true
render_5003.png,false
render_5004.png,true
render_5005.png,true
render_5006.png,false
render_5007.png,true
render_5008.png,true
render_5009.png,false
render_5010.png,false
render_5011.png,true
render_5012.png,false
render_5013.png,true
render_5014.png,true
render_5015.png,false
render_5016.png,true
render_5017.png,true
render_5018.png,false
render_5019.png,false
render_5020.png,true
render_5021.png,false
render_5022.png,false
render_5023.png,true
render_5024.png,true
render_5025.png,false
render_5026.png,false
render_5027.png,false
render_5028.png,true
render_5029.png,false
render_5030.png,false
render_5031.png,true
render_5032.png,true
render_5033.png,false
render_5034.png,true
render_5035.png,true
render_5036.png,false
render_5037.png,true
render_5038.png,false
render_5039.png,false
render_5040.png,true
render_5041.png,true
render_5042.png,false
render_5043.png,false
render_5044.png,false
render_5045.png,false
render_5046.png,false
render_5047.png,true
render_5048.png,true
render_5049.png,true
render_5050.png,false
render_5051.png,false
render_5052.png,false
render_5053.png,false
render_5054.png,false
render_5055.png,true
render_5056.png,false
render_5057.png,true
render_5058.png,false
render_5059.png,true
render_5060.png,true
render_5061.png,true
render_5062.png,true
render_5063.png,false
render_5064.png,false
render_5065.png,true
render_5066.png,false
render_5067.png,false
render_5068.png,true
render_5069.png,false
render_5070.png,true
render_5071.png,false
render_5072.png,true
render_5073.png,true
render_5074.png,true
render_5075.png,false
render_5076.png,false
render_5077.png,false
render_5078.png,true
render_5079.png,true
render_5080.png,false
render_5081.png,false
render_5082.png,true
render_5083.png,true
render_5084.png,false
render_5085.png,false
render_5086.png,true
render_5087.png,true
render_5088.png,false
render_5089.png,true
render_5090.png,true
render_5091.png,false
render_5092.png,true
render_5093.png,true
render_5094.png,true
render_5095.png,true
render_5096.png,true
render_5097.png,true
render_5098.png,false
render_5099.png,false
render_5100.png,false
render_5101.png,true
render_5102.png,true
render_5103.png,true
render_5104.png,true
render_5105.png,false
render_5106.png,false
render_5107.png,true
render_5108.png,true
render_5109.png,true
render_5110.png,true
render_5111.png,true
render_5112.png,false
render_5113.png,false
render_5114.png,true
render_5115.png,true
render_5116.png,false
render_5117.png,false
render_5118.png,true
render_5119.png,false
render_5120.png,true
render_5121.png,true
render_5122.png,false
render_5123.png,false
render_5124.png,false
render_5125.png,false
render_5126.png,false
render_5127.png,true
render_5128.png,false
render_5129.png,false
render_5130.png,false
render_5131.png,true
render_5132.png,true
render_5133.png,true
render_5134.png,true
render_5135.png,true
render_5136.png,true
render_5137.png,true
render_5138.png,false
render_5139.png,true
render_5140.png,false
render_5141.png,false
render_5142.png,true
render_5143.png,true
render_5144.png,false
render_5145.png,true
render_5146.png,true
render_5147.png,false
render_5148.png,false
render_5149.png,false
render_5150.png,true
render_5151.png,false
render_5152.png,true
render_5153.png,true
render_5154.png,true
render_5155.png,true
render_5156.png,false
render_5157.png,false
render_5158.png,true
render_5159.png,false
render_5160.png,true
render_5161.png,false
render_5162.png,false
render_5163.png,false
render_5164.png,false
render_5165.png,true
render_5166.png,false
render_5167.png,false
render_5168.png,false
render_5169.png,false
render_5170.png,false
render_5171.png,true
render_5172.png,true
render_5173.png,true
render_5174.png,true
render_5175.png,false
render_5176.png,true
render_5177.png,true
render_5178.png,true
render_5179.png,false
render_5180.png,false
render_5181.png,false
render_5182.png,false
render_5183.png,true
render_5184.png,false
render_5185.png,false
render_5186.png,true
render_5187.png,false
render_5188.png,false
render_5189.png,false
render_5190.png,true
render_5191.png,false
render_5192.png,true
render_5193.png,true
render_5194.png,true
render_5195.png,true
render_5196.png,false
render_5197.png,true
render_5198.png,true
render_5199.png,true
render_5200.png,true
render_5201.png,true
render_5202.png,true
render_5203.png,false
render_5204.png,false
render_5205.png,false
render_5206.png,false
render_5207.png,true
render_5208.png,true
render_5209.png,true
render_5210.png,true
render_5211.png,true
render_5212.png,false
render_5213.png,false
render_5214.png,true
render_5215.png,true
render_5216.png,true
render_5217.png,false
render_5218.png,true
render_5219.png,false
render_5220.png,true
render_5221.png,false
render_5222.png,false
render_5223.png,true
render_5224.png,true
render_5225.png,true
render_5226.png,false
render_5227.png,true
render_5228.png,true
render_5229.png,true
render_5230.png,true
render_5231.png,true
render_5232.png,false
render_5233.png,false
render_5234.png,false
render_5235.png,true
render_5236.png,false
render_5237.png,false
render_5238.png,false
render_5239.png,false
render_5240.png,true
render_5241.png,false
render_5242.png,true
render_5243.png,true
render_5244.png,false
render_5245.png,true
render_5246.png,true
render_5247.png,true
render_5248.png,true
render_5249.png,true
render_5250.png,false
render_5251.png,true
render_5252.png,true
render_5253.png,false
render_5254.png,false
render_5255.png,true
render_5256.png,true
render_5257.png,false
render_5258.png,true
render_5259.png,true
render_5260.png,false
render_5261.png,true
render_5262.png,false
render_5263.png,true
render_5264.png,true
render_5265.png,true
render_5266.png,true
render_5267.png,false
render_5268.png,false
render_5269.png,true
render_5270.png,false
render_5271.png,false
render_5272.png,false
render_5273.png,true
render_5274.png,false
render_5275.png,false
render_5276.png,false
render_5277.png,true
render_5278.png,true
render_5279.png,true
render_5280.png,false
render_5281.png,true
render_5282.png,false
render_5283.png,true
render_5284.png,true
render_5285.png,true
render_5286.png,false
render_5287.png,true
render_5288.png,true
render_5289.png,true
render_5290.png,false
render_5291.png,false
render_5292.png,false
render_5293.png,false
render_5294.png,false
render_5295.png,true
render_5296.png,false
render_5297.png,false
render_5298.png,false
render_5299.png,true
render_5300.png,true
render_5301.png,true
render_5302.png,false
render_5303.png,true
render_5304.png,true
render_5305.png,false
render_5306.png,true
render_5307.png,true
render_5308.png,true
render_5309.png,true
render_5310.png,false
render_5311.png,false
render_5312.png,false
render_5313.png,false
render_5314.png,false
render_5315.png,true
render_5316.png,true
render_5317.png,true
render_5318.png,false
render_5319.png,false
render_5320.png,true
render_5321.png,true
render_5322.png,true
render_5323.png,true
render_5324.png,false
render_5325.png,false
render_5326.png,true
render_5327.png,false
render_5328.png,false
render_5329.png,false
render_5330.png,false
render_5331.png,true
render_5332.png,true
render_5333.png,true
render_5334.png,true
render_5335.png,false
render_5336.png,false
render_5337.png,false
render_5338.png,false
render_5339.png,false
render_5340.png,false
render_5341.png,true
render_5342.png,false
render_5343.png,true
render_5344.png,true
render_5345.png,false
render_5346.png,false
render_5347.png,true
render_5348.png,true
render_5349.png,true
render_5350.png,true
render_5351.png,false
render_5352.png,true
render_5353.png,true
render_5354.png,true
render_5355.png,true
render_5356.png,true
render_5357.png,false
render_5358.png,true
render_5359.png,false
render_5360.png,true
render_5361.png,true
render_5362.png,false
render_5363.png,true
render_5364.png,false
render_5365.png,false
render_5366.png,true
render_5367.png,false
render_5368.png,false
render_5369.png,true
render_5370.png,false
render_5371.png,false
render_5372.png,true
render_5373.png,false
render_5374.png,false
render_5375.png,false
render_5376.png,false
render_5377.png,false
render_5378.png,true
render_5379.png,true
render_5380.png,false
render_5381.png,true
render_5382.png,true
render_5383.png,true
render_5384.png,true
render_5385.png,true
render_5386.png,false
render_5387.png,true
render_5388.png,false
render_5389.png,true
render_5390.png,false
render_5391.png,true
render_5392.png,false
render_5393.png,false
render_5394.png,true
render_5395.png,true
render_5396.png,false
render_5397.png,true
render_5398.png,true
render_5399.png,true
render_5400.png,false
render_5401.png,true
render_5402.png,false
render_5403.png,false
render_5404.png,false
render_5405.png,true
render_5406.png,true
render_5407.png,false
render_5408.png,true
render_5409.png,true
render_5410.png,false
render_5411.png,true
render_5412.png,true
render_5413.png,false
render_5414.png,true
render_5415.png,true
render_5416.png,true
render_5417.png,false
render_5418.png,true
render_5419.png,false
render_5420.png,true
render_5421.png,true
render_5422.png,false
render_5423.png,false
render_5424.png,true
render_5425.png,false
render_5426.png,false
render_5427.png,true
render_5428.png,false
render_5429.png,false
render_5430.png,false
render_5431.png,true
render_5432.png,true
render_5433.png,false
render_5434.png,false
render_5435.png,true
render_5436.png,true
render_5437.png,false
render_5438.png,false
render_5439.png,true
render_5440.png,false
render_5441.png,false
render_5442.png,false
render_5443.png,false
render_5444.png,true
render_5445.png,true
render_5446.png,false
render_5447.png,false
render_5448.png,false
render_5449.png,false
render_5450.png,true
render_5451.png,true
render_5452.png,false
render_5453.png,false
render_5454.png,false
render_5455.png,true
render_5456.png,false
render_5457.png,false
render_5458.png,true
render_5459.png,true
render_5460.png,false
render_5461.png,false
render_5462.png,false
render_5463.png,true
render_5464.png,true
render_5465.png,false
render_5466.png,true
render_5467.png,false
render_5468.png,true
render_5469.png,false
render_5470.png,false
render_5471.png,true
render_5472.png,true
render_5473.png,true
render_5474.png,false
render_5475.png,true
render_5476.png,true
render_5477.png,false
render_5478.png,false
render_5479.png,true
render_5480.png,false
render_5481.png,true
render_5482.png,true
render_5483.png,false
render_5484.png,false
render_5485.png,false
render_5486.png,false
render_5487.png,true
render_5488.png,false
render_5489.png,false
render_5490.png,true
render_5491.png,false
render_5492.png,true
render_5493.png,false
render_5494.png,true
render_5495.png,true
render_5496.png,false
render_5497.png,false
render_5498.png,false
render_5499.png,false
render_5500.png,false
render_5501.png,false
render_5502.png,true
render_5503.png,false
render_5504.png,false
render_5505.png,false
render_5506.png,false
render_5507.png,false
render_5508.png,false
render_5509.png,false
render_5510.png,true
render_5511.png,true
render_5512.png,true
render_5513.png,true
render_5514.png,false
render_5515.png,true
render_5516.png,false
render_5517.png,false
render_5518.png,true
render_5519.png,true
render_5520.png,true
render_5521.png,true
render_5522.png,false
render_5523.png,false
render_5524.png,false
render_5525.png,false
render_5526.png,false
render_5527.png,true
render_5528.png,true
render_5529.png,false
render_5530.png,false
render_5531.png,false
render_5532.png,true
render_5533.png,false
render_5534.png,true
render_5535.png,true
render_5536.png,false
render_5537.png,true
render_5538.png,false
render_5539.png,false
render_5540.png,true
render_5541.png,false
render_5542.png,false
render_5543.png,false
render_5544.png,true
render_5545.png,true
render_5546.png,false
render_5547.png,false
render_5548.png,true
render_5549.png,false
render_5550.png,true
render_5551.png,true
render_5552.png,true
render_5553.png,false
render_5554.png,false
render_5555.png,true
render_5556.png,true
render_5557.png,true
render_5558.png,true
render_5559.png,true
render_5560.png,false
render_5561.png,false
render_5562.png,true
render_5563.png,false
render_5564.png,true
render_5565.png,false
render_5566.png,true
render_5567.png,true
render_5568.png,false
render_5569.png,true
render_5570.png,true
render_5571.png,false
render_5572.png,true
render_5573.png,true
render_5574.png,false
render_5575.png,true
render_5576.png,true
render_5577.png,false
render_5578.png,false
render_5579.png,true
render_5580.png,false
render_5581.png,true
render_5582.png,false
render_5583.png,true
render_5584.png,false
render_5585.png,true
render_5586.png,true
render_5587.png,false
render_5588.png,true
render_5589.png,true
render_5590.png,false
render_5591.png,true
render_5592.png,false
render_5593.png,true
render_5594.png,false
render_5595.png,true
render_5596.png,true
render_5597.png,true
render_5598.png,true
render_5599.png,true
render_5600.png,false
render_5601.png,false
render_5602.png,false
render_5603.png,false
render_5604.png,false
render_5605.png,false
render_5606.png,true
render_5607.png,true
render_5608.png,false
render_5609.png,true
render_5610.png,true
render_5611.png,true
render_5612.png,false
render_5613.png,false
render_5614.png,false
render_5615.png,false
render_5616.png,true
render_5617.png,false
render_5618.png,true
render_5619.png,true
render_5620.png,true
render_5621.png,true
render_5622.png,false
render_5623.png,true
render_5624.png,true
render_5625.png,true
render_5626.png,true
render_5627.png,false
render_5628.png,false
render_5629.png,true
render_5630.png,false
render_5631.png,false
render_5632.png,false
render_5633.png,true
render_5634.png,true
render_5635.png,true
render_5636.png,true
render_5637.png,false
render_5638.png,false
render_5639.png,false
render_5640.png,true
render_5641.png,false
render_5642.png,false
render_5643.png,true
render_5644.png,true
render_5645.png,false
render_5646.png,false
render_5647.png,false
render_5648.png,false
render_5649.png,false
render_5650.png,false
render_5651.png,true
render_5652.png,false
render_5653.png,false
render_5654.png,false
render_5655.png,false
render_5656.png,false
render_5657.png,true
render_5658.png,false
render_5659.png,true
render_5660.png,false
render_5661.png,false
render_5662.png,false
render_5663.png,false
render_5664.png,false
render_5665.png,true
render_5666.png,true
render_5667.png,true
render_5668.png,false
render_5669.png,true
render_5670.png,false
render_5671.png,true
render_5672.png,true
render_5673.png,false
render_5674.png,false
render_5675.png,false
render_5676.png,false
render_5677.png,true
render_5678.png,false
render_5679.png,true
render_5680.png,true
render_5681.png,false
render_5682.png,false
render_5683.png,false
render_5684.png,true
render_5685.png,false
render_5686.png,false
render_5687.png,true
render_5688.png,false
render_5689.png,true
render_5690.png,true
render_5691.png,true
render_5692.png,true
render_5693.png,true
render_5694.png,false
render_5695.png,true
render_5696.png,true
render_5697.png,false
render_5698.png,true
render_5699.png,false
render_5700.png,true
render_5701.png,false
render_5702.png,true
render_5703.png,false
render_5704.png,false
render_5705.png,false
render_5706.png,true
render_5707.png,false
render_5708.png,true
render_5709.png,false
render_5710.png,true
render_5711.png,true
render_5712.png,false
render_5713.png,true
render_5714.png,false
render_5715.png,true
render_5716.png,false
render_5717.png,false
render_5718.png,true
render_5719.png,false
render_5720.png,true
render_5721.png,true
render_5722.png,false
render_5723.png,true
render_5724.png,true
render_5725.png,true
render_5726.png,true
render_5727.png,false
render_5728.png,false
render_5729.png,true
render_5730.png,true
render_5731.png,true
render_5732.png,true
render_5733.png,true
render_5734.png,false
render_5735.png,true
render_5736.png,false
render_5737.png,false
render_5738.png,true
render_5739.png,false
render_5740.png,true
render_5741.png,true
render_5742.png,false
render_5743.png,false
render_5744.png,true
render_5745.png,false
render_5746.png,true
render_5747.png,true
render_5748.png,true
render_5749.png,false
render_5750.png,true
render_5751.png,true
render_5752.png,true
render_5753.png,true
render_5754.png,false
render_5755.png,true
render_5756.png,true
render_5757.png,false
render_5758.png,false
render_5759.png,true
render_5760.png,true
render_5761.png,false
render_5762.png,false
render_5763.png,false
render_5764.png,false
render_5765.png,false
render_5766.png,true
render_5767.png,true
render_5768.png,false
render_5769.png,true
render_5770.png,false
render_5771.png,true
render_5772.png,true
render_5773.png,true
render_5774.png,false
render_5775.png,true
render_5776.png,false
render_5777.png,true
render_5778.png,true
render_5779.png,false
render_5780.png,false
render_5781.png,true
render_5782.png,true
render_5783.png,true
render_5784.png,true
render_5785.png,true
render_5786.png,false
render_5787.png,true
render_5788.png,false
render_5789.png,false
render_5790.png,true
render_5791.png,true
render_5792.png,true
render_5793.png,true
render_5794.png,true
render_5795.png,false
render_5796.png,true
render_5797.png,false
render_5798.png,false
render_5799.png,true
render_5800.png,false
render_5801.png,false
render_5802.png,true
render_5803.png,true
render_5804.png,false
render_5805.png,true
render_5806.png,false
render_5807.png,true
render_5808.png,true
render_5809.png,false
render_5810.png,true
render_5811.png,false
render_5812.png,true
render_5813.png,true
render_5814.png,false
render_5815.png,false
render_5816.png,true
render_5817.png,false
render_5818.png,false
render_5819.png,true
render_5820.png,true
render_5821.png,true
render_5822.png,true
render_5823.png,true
render_5824.png,false
render_5825.png,true
render_5826.png,false
render_5827.png,true
render_5828.png,false
render_5829.png,false
render_5830.png,true
render_5831.png,false
render_5832.png,true
render_5833.png,false
render_5834.png,true
render_5835.png,false
render_5836.png,true
render_5837.png,false
render_5838.png,false
render_5839.png,false
render_5840.png,true
render_5841.png,false
render_5842.png,true
render_5843.png,false
render_5844.png,true
render_5845.png,false
render_5846.png,true
render_5847.png,false
render_5848.png,true
render_5849.png,false
render_5850.png,true
render_5851.png,false
render_5852.png,true
render_5853.png,false
render_5854.png,false
render_5855.png,true
render_5856.png,true
render_5857.png,true
render_5858.png,false
render_5859.png,false
render_5860.png,true
render_5861.png,true
render_5862.png,true
render_5863.png,false
render_5864.png,false
render_5865.png,true
render_5866.png,false
render_5867.png,true
render_5868.png,true
render_5869.png,true
render_5870.png,true
render_5871.png,true
render_5872.png,true
render_5873.png,false
render_5874.png,true
render_5875.png,true
render_5876.png,true
render_5877.png,false
render_5878.png,false
render_5879.png,true
render_5880.png,false
render_5881.png,true
render_5882.png,false
render_5883.png,true
render_5884.png,false
render_5885.png,false
render_5886.png,false
render_5887.png,false
render_5888.png,false
render_5889.png,true
render_5890.png,false
render_5891.png,true
render_5892.png,false
render_5893.png,false
render_5894.png,true
render_5895.png,false
render_5896.png,false
render_5897.png,true
render_5898.png,true
render_5899.png,true
render_5900.png,false
render_5901.png,false
render_5902.png,false
render_5903.png,true
render_5904.png,true
render_5905.png,false
render_5906.png,false
render_5907.png,true
render_5908.png,false
render_5909.png,true
render_5910.png,false
render_5911.png,false
render_5912.png,false
render_5913.png,false
render_5914.png,false
render_5915.png,true
render_5916.png,true
render_5917.png,true
render_5918.png,false
render_5919.png,false
render_5920.png,true
render_5921.png,false
render_5922.png,true
render_5923.png,true
render_5924.png,false
render_5925.png,false
render_5926.png,false
render_5927.png,false
render_5928.png,false
render_5929.png,true
render_5930.png,false
render_5931.png,false
render_5932.png,false
render_5933.png,true
render_5934.png,true
render_5935.png,false
render_5936.png,true
render_5937.png,false
render_5938.png,false
render_5939.png,true
render_5940.png,false
render_5941.png,false
render_5942.png,false
render_5943.png,true
render_5944.png,false
render_5945.png,true
render_5946.png,false
render_5947.png,true
render_5948.png,true
render_5949.png,true
render_5950.png,true
render_5951.png,false
render_5952.png,true
render_5953.png,false
render_5954.png,true
render_5955.png,true
render_5956.png,true
render_5957.png,true
render_5958.png,true
render_5959.png,false
render_5960.png,true
render_5961.png,false
render_5962.png,false
render_5963.png,true
render_5964.png,false
render_5965.png,true
render_5966.png,false
render_5967.png,false
render_5968.png,false
render_5969.png,false
render_5970.png,true
render_5971.png,true
render_5972.png,false
render_5973.png,true
render_5974.png,true
render_5975.png,false
render_5976.png,false
render_5977.png,false
render_5978.png,false
render_5979.png,false
render_5980.png,false
render_5981.png,true
render_5982.png,false
render_5983.png,true
render_5984.png,false
render_5985.png,false
render_5986.png,true
render_5987.png,false
render_5988.png,false
render_5989.png,false
render_5990.png,true
render_5991.png,true
render_5992.png,false
render_5993.png,true
render_5994.png,false
render_5995.png,true
render_5996.png,true
render_5997.png,true
render_5998.png,true
render_5999.png,true
render_6000.png,false
render_6001.png,false
render_6002.png,true
render_6003.png,false
render_6004.png,true
render_6005.png,false
render_6006.png,false
render_6007.png,true
render_6008.png,true
render_6009.png,true
render_6010.png,false
render_6011.png,true
render_6012.png,false
render_6013.png,false
render_6014.png,true
render_6015.png,false
render_6016.png,true
render_6017.png,true
render_6018.png,false
render_6019.png,true
render_6020.png,true
render_6021.png,false
render_6022.png,true
render_6023.png,true
render_6024.png,true
render_6025.png,true
render_6026.png,true
render_6027.png,true
render_6028.png,false
render_6029.png,false
render_6030.png,true
render_6031.png,false
render_6032.png,false
render_6033.png,false
render_6034.png,false
render_6035.png,false
render_6036.png,false
render_6037.png,true
render_6038.png,false
render_6039.png,false
render_6040.png,false
render_6041.png,true
render_6042.png,true
render_6043.png,true
render_6044.png,false
render_6045.png,false
render_6046.png,false
render_6047.png,false
render_6048.png,true
render_6049.png,false
render_6050.png,false
render_6051.png,true
render_6052.png,true
render_6053.png,false
render_6054.png,false
render_6055.png,true
render_6056.png,true
render_6057.png,true
render_6058.png,true
render_6059.png,false
render_6060.png,true
render_6061.png,true
render_6062.png,true
render_6063.png,false
render_6064.png,true
render_6065.png,false
render_6066.png,true
render_6067.png,false
render_6068.png,true
render_6069.png,false
render_6070.png,false
render_6071.png,false
render_6072.png,false
render_6073.png,true
render_6074.png,true
render_6075.png,true
render_6076.png,false
render_6077.png,true
render_6078.png,true
render_6079.png,true
render_6080.png,true
render_6081.png,false
render_6082.png,false
render_6083.png,true
render_6084.png,false
render_6085.png,false
render_6086.png,true
render_6087.png,false
render_6088.png,false
render_6089.png,true
render_6090.png,true
render_6091.png,true
render_6092.png,true
render_6093.png,true
render_6094.png,false
render_6095.png,true
render_6096.png,true
render_6097.png,true
render_6098.png,false
render_6099.png,true
render_6100.png,false
render_6101.png,true
render_6102.png,false
render_6103.png,true
render_6104.png,true
render_6105.png,true
render_6106.png,false
render_6107.png,false
render_6108.png,false
render_6109.png,true
render_6110.png,false
render_6111.png,true
render_6112.png,false
render_6113.png,false
render_6114.png,true
render_6115.png,true
render_6116.png,false
render_6117.png,true
render_6118.png,false
render_6119.png,true
render_6120.png,true
render_6121.png,false
render_6122.png,false
render_6123.png,true
render_6124.png,true
render_6125.png,false
render_6126.png,true
render_6127.png,true
render_6128.png,true
render_6129.png,false
render_6130.png,true
render_6131.png,false
render_6132.png,true
render_6133.png,false
render_6134.png,false
render_6135.png,true
render_6136.png,true
render_6137.png,false
render_6138.png,false
render_6139.png,false
render_6140.png,false
render_6141.png,true
render_6142.png,false
render_6143.png,false
render_6144.png,false
render_6145.png,true
render_6146.png,false
render_6147.png,false
render_6148.png,false
render_6149.png,false
render_6150.png,false
render_6151.png,true
render_6152.png,false
render_6153.png,false
render_6154.png,true
render_6155.png,false
render_6156.png,true
render_6157.png,true
render_6158.png,true
render_6159.png,true
render_6160.png,false
render_6161.png,false
render_6162.png,false
render_6163.png,false
render_6164.png,true
render_6165.png,false
render_6166.png,false
render_6167.png,true
render_6168.png,true
render_6169.png,true
render_6170.png,true
render_6171.png,false
render_6172.png,false
render_6173.png,false
render_6174.png,true
render_6175.png,true
render_6176.png,false
render_6177.png,true
render_6178.png,true
render_6179.png,true
render_6180.png,false
render_6181.png,true
render_6182.png,false
render_6183.png,false
render_6184.png,false
render_6185.png,true
render_6186.png,true
render_6187.png,true
render_6188.png,true
render_6189.png,true
render_6190.png,false
render_6191.png,true
render_6192.png,false
render_6193.png,false
render_6194.png,false
render_6195.png,false
render_6196.png,true
render_6197.png,true
render_6198.png,true
render_6199.png,true
render_6200.png,true
render_6201.png,true
render_6202.png,false
render_6203.png,false
render_6204.png,false
render_6205.png,false
render_6206.png,false
render_6207.png,false
render_6208.png,false
render_6209.png,false
render_6210.png,false
render_6211.png,true
render_6212.png,false
render_6213.png,false
render_6214.png,false
render_6215.png,true
render_6216.png,true
render_6217.png,true
render_6218.png,false
render_6219.png,false
render_6220.png,true
render_6221.png,true
render_6222.png,false
render_6223.png,false
render_6224.png,true
render_6225.png,true
render_6226.png,true
render_6227.png,false
render_6228.png,true
render_6229.png,false
render_6230.png,false
render_6231.png,false
render_6232.png,false
render_6233.png,true
render_6234.png,true
render_6235.png,true
render_6236.png,true
render_6237.png,false
render_6238.png,false
render_6239.png,true
render_6240.png,false
render_6241.png,false
render_6242.png,false
render_6243.png,true
render_6244.png,false
render_6245.png,true
render_6246.png,true
render_6247.png,false
render_6248.png,true
render_6249.png,false
render_6250.png,true
render_6251.png,true
render_6252.png,false
render_6253.png,true
render_6254.png,true
render_6255.png,true
render_6256.png,false
render_6257.png,false
render_6258.png,true
render_6259.png,true
render_6260.png,false
render_6261.png,false
render_6262.png,false
render_6263.png,true
render_6264.png,true
render_6265.png,false
render_6266.png,true
render_6267.png,false
render_6268.png,false
render_6269.png,false
render_6270.png,true
render_6271.png,false
render_6272.png,false
render_6273.png,true
render_6274.png,true
render_6275.png,false
render_6276.png,true
render_6277.png,false
render_6278.png,true
render_6279.png,false
render_6280.png,false
render_6281.png,false
render_6282.png,false
render_6283.png,false
render_6284.png,true
render_6285.png,true
render_6286.png,false
render_6287.png,false
render_6288.png,true
render_6289.png,false
render_6290.png,false
render_6291.png,false
render_6292.png,true
render_6293.png,true
render_6294.png,false
render_6295.png,true
render_6296.png,false
render_6297.png,true
render_6298.png,true
render_6299.png,true
render_6300.png,false
render_6301.png,true
render_6302.png,false
render_6303.png,true
render_6304.png,false
render_6305.png,false
render_6306.png,false
render_6307.png,false
render_6308.png,false
render_6309.png,false
render_6310.png,false
render_6311.png,false
render_6312.png,true
render_6313.png,true
render_6314.png,true
render_6315.png,true
render_6316.png,true
render_6317.png,true
render_6318.png,false
render_6319.png,true
render_6320.png,true
render_6321.png,false
render_6322.png,false
render_6323.png,false
render_6324.png,true
render_6325.png,true
render_6326.png,false
render_6327.png,false
render_6328.png,true
render_6329.png,false
render_6330.png,true
render_6331.png,false
render_6332.png,false
render_6333.png,false
render_6334.png,true
render_6335.png,false
render_6336.png,false
render_6337.png,true
render_6338.png,true
render_6339.png,false
render_6340.png,false
render_6341.png,false
render_6342.png,true
render_6343.png,true
render_6344.png,true
render_6345.png,true
render_6346.png,true
render_6347.png,true
render_6348.png,true
render_6349.png,false
render_6350.png,false
render_6351.png,true
render_6352.png,false
render_6353.png,true
render_6354.png,false
render_6355.png,false
render_6356.png,false
render_6357.png,true
render_6358.png,true
render_6359.png,true
render_6360.png,true
render_6361.png,false
render_6362.png,true
render_6363.png,true
render_6364.png,true
render_6365.png,false
render_6366.png,true
render_6367.png,true
render_6368.png,true
render_6369.png,true
render_6370.png,true
render_6371.png,true
render_6372.png,false
render_6373.png,false
render_6374.png,false
render_6375.png,true
render_6376.png,false
render_6377.png,true
render_6378.png,true
render_6379.png,false
render_6380.png,true
render_6381.png,false
render_6382.png,false
render_6383.png,false
render_6384.png,true
render_6385.png,false
render_6386.png,false
render_6387.png,false
render_6388.png,false
render_6389.png,true
render_6390.png,false
render_6391.png,true
render_6392.png,true
render_6393.png,true
render_6394.png,true
render_6395.png,true
render_6396.png,false
render_6397.png,false
render_6398.png,false
render_6399.png,true
render_6400.png,false
render_6401.png,true
render_6402.png,true
render_6403.png,true
render_6404.png,true
render_6405.png,true
render_6406.png,true
render_6407.png,true
render_6408.png,true
render_6409.png,false
render_6410.png,true
render_6411.png,false
render_6412.png,false
render_6413.png,false
render_6414.png,true
render_6415.png,false
render_6416.png,false
render_6417.png,false
render_6418.png,true
render_6419.png,false
render_6420.png,false
render_6421.png,true
render_6422.png,true
render_6423.png,true
render_6424.png,true
render_6425.png,false
render_6426.png,true
render_6427.png,true
render_6428.png,true
render_6429.png,true
render_6430.png,true
render_6431.png,true
render_6432.png,true
render_6433.png,true
render_6434.png,false
render_6435.png,true
render_6436.png,false
render_6437.png,false
render_6438.png,false
render_6439.png,true
render_6440.png,false
render_6441.png,true
render_6442.png,false
render_6443.png,false
render_6444.png,true
render_6445.png,true
render_6446.png,false
render_6447.png,false
render_6448.png,true
render_6449.png,false
render_6450.png,true
render_6451.png,false
render_6452.png,true
render_6453.png,true
render_6454.png,true
render_6455.png,true
render_6456.png,true
render_6457.png,false
render_6458.png,false
render_6459.png,false
render_6460.png,true
render_6461.png,true
render_6462.png,true
render_6463.png,true
render_6464.png,true
render_6465.png,false
render_6466.png,true
render_6467.png,false
render_6468.png,true
render_6469.png,false
render_6470.png,true
render_6471.png,false
render_6472.png,true
render_6473.png,false
render_6474.png,true
render_6475.png,true
render_6476.png,false
render_6477.png,false
render_6478.png,false
render_6479.png,true
render_6480.png,true
render_6481.png,false
render_6482.png,false
render_6483.png,true
render_6484.png,true
render_6485.png,false
render_6486.png,false
render_6487.png,true
render_6488.png,true
render_6489.png,true
render_6490.png,true
render_6491.png,true
render_6492.png,false
render_6493.png,false
render_6494.png,false
render_6495.png,true
render_6496.png,false
render_6497.png,false
render_6498.png,true
render_6499.png,true
render_6500.png,false
render_6501.png,false
render_6502.png,false
render_6503.png,false
render_6504.png,true
render_6505.png,false
render_6506.png,true
render_6507.png,false
render_6508.png,true
render_6509.png,false
render_6510.png,false
render_6511.png,false
render_6512.png,true
render_6513.png,true
render_6514.png,false
render_6515.png,false
render_6516.png,false
render_6517.png,true
render_6518.png,true
render_6519.png,true
render_6520.png,true
render_6521.png,false
render_6522.png,false
render_6523.png,true
render_6524.png,false
render_6525.png,false
render_6526.png,true
render_6527.png,true
render_6528.png,false
render_6529.png,false
render_6530.png,true
render_6531.png,true
render_6532.png,false
render_6533.png,false
render_6534.png,false
render_6535.png,true
render_6536.png,true
render_6537.png,false
render_6538.png,false
render_6539.png,true
render_6540.png,true
render_6541.png,false
render_6542.png,false
render_6543.png,false
render_6544.png,true
render_6545.png,false
render_6546.png,true
render_6547.png,false
render_6548.png,false
render_6549.png,true
render_6550.png,true
render_6551.png,false
render_6552.png,true
render_6553.png,false
render_6554.png,true
render_6555.png,false
render_6556.png,true
render_6557.png,true
render_6558.png,false
render_6559.png,false
render_6560.png,false
render_6561.png,false
render_6562.png,false
render_6563.png,false
render_6564.png,true
render_6565.png,false
render_6566.png,false
render_6567.png,false
render_6568.png,false
render_6569.png,false
render_6570.png,false
render_6571.png,true
render_6572.png,true
render_6573.png,true
render_6574.png,true
render_6575.png,false
render_6576.png,true
render_6577.png,false
render_6578.png,true
render_6579.png,true
render_6580.png,false
render_6581.png,false
render_6582.png,true
render_6583.png,false
render_6584.png,true
render_6585.png,false
render_6586.png,true
render_6587.png,true
render_6588.png,false
render_6589.png,true
render_6590.png,false
render_6591.png,false
render_6592.png,true
render_6593.png,false
render_6594.png,true
render_6595.png,false
render_6596.png,false
render_6597.png,false
render_6598.png,false
render_6599.png,false
render_6600.png,true
render_6601.png,true
render_6602.png,false
render_6603.png,true
render_6604.png,true
render_6605.png,false
render_6606.png,false
render_6607.png,false
render_6608.png,true
render_6609.png,false
render_6610.png,true
render_6611.png,true
render_6612.png,true
render_6613.png,false
render_6614.png,false
render_6615.png,true
render_6616.png,true
render_6617.png,false
render_6618.png,false
render_6619.png,false
render_6620.png,false
render_6621.png,false
render_6622.png,false
render_6623.png,true
render_6624.png,false
render_6625.png,true
render_6626.png,false
render_6627.png,true
render_6628.png,false
render_6629.png,true
render_6630.png,false
render_6631.png,false
render_6632.png,true
render_6633.png,true
render_6634.png,true
render_6635.png,true
render_6636.png,true
render_6637.png,false
render_6638.png,true
render_6639.png,false
render_6640.png,false
render_6641.png,false
render_6642.png,true
render_6643.png,true
render_6644.png,true
render_6645.png,false
render_6646.png,true
render_6647.png,true
render_6648.png,true
render_6649.png,false
render_6650.png,true
render_6651.png,false
render_6652.png,true
render_6653.png,true
render_6654.png,false
render_6655.png,false
render_6656.png,false
render_6657.png,false
render_6658.png,false
render_6659.png,false
render_6660.png,false
render_6661.png,false
render_6662.png,true
render_6663.png,true
render_6664.png,true
render_6665.png,false
render_6666.png,false
render_6667.png,false
render_6668.png,false
render_6669.png,true
render_6670.png,false
render_6671.png,true
render_6672.png,false
render_6673.png,true
render_6674.png,false
render_6675.png,true
render_6676.png,false
render_6677.png,false
render_6678.png,true
render_6679.png,false
render_6680.png,true
render_6681.png,false
render_6682.png,true
render_6683.png,true
render_6684.png,false
render_6685.png,true
render_6686.png,false
render_6687.png,false
render_6688.png,true
render_6689.png,true
render_6690.png,false
render_6691.png,true
render_6692.png,false
render_6693.png,true
render_6694.png,false
render_6695.png,false
render_6696.png,false
render_6697.png,true
render_6698.png,true
render_6699.png,false
render_6700.png,false
render_6701.png,true
render_6702.png,true
render_6703.png,true
render_6704.png,true
render_6705.png,false
render_6706.png,false
render_6707.png,false
render_6708.png,true
render_6709.png,false
render_6710.png,true
render_6711.png,true
render_6712.png,false
render_6713.png,false
render_6714.png,true
render_6715.png,false
render_6716.png,false
render_6717.png,true
render_6718.png,true
render_6719.png,false
render_6720.png,true
render_6721.png,false
render_6722.png,false
render_6723.png,true
render_6724.png,true
render_6725.png,false
render_6726.png,true
render_6727.png,true
render_6728.png,true
render_6729.png,true
render_6730.png,false
render_6731.png,true
render_6732.png,false
render_6733.png,true
render_6734.png,true
render_6735.png,false
render_6736.png,true
render_6737.png,false
render_6738.png,true
render_6739.png,true
render_6740.png,true
render_6741.png,true
render_6742.png,true
render_6743.png,true
render_6744.png,false
render_6745.png,false
render_6746.png,true
render_6747.png,false
render_6748.png,true
render_6749.png,true
render_6750.png,true
render_6751.png,true
render_6752.png,true
render_6753.png,false
render_6754.png,false
render_6755.png,false
render_6756.png,true
render_6757.png,true
render_6758.png,true
render_6759.png,true
render_6760.png,false
render_6761.png,true
render_6762.png,false
render_6763.png,false
render_6764.png,false
render_6765.png,false
render_6766.png,false
render_6767.png,true
render_6768.png,true
render_6769.png,true
render_6770.png,false
render_6771.png,false
render_6772.png,true
render_6773.png,false
render_6774.png,true
render_6775.png,false
render_6776.png,true
render_6777.png,true
render_6778.png,true
render_6779.png,true
render_6780.png,false
render_6781.png,false
render_6782.png,false
render_6783.png,false
render_6784.png,true
render_6785.png,false
render_6786.png,true
render_6787.png,false
render_6788.png,true
render_6789.png,false
render_6790.png,true
render_6791.png,false
render_6792.png,false
render_6793.png,false
render_6794.png,false
render_6795.png,true
render_6796.png,false
render_6797.png,true
render_6798.png,false
render_6799.png,false
render_6800.png,false
render_6801.png,false
render_6802.png,true
render_6803.png,true
render_6804.png,true
render_6805.png,true
render_6806.png,false
render_6807.png,false
render_6808.png,false
render_6809.png,false
render_6810.png,true
render_6811.png,false
render_6812.png,true
render_6813.png,false
render_6814.png,true
render_6815.png,false
render_6816.png,false
render_6817.png,false
render_6818.png,true
render_6819.png,false
render_6820.png,false
render_6821.png,true
render_6822.png,true
render_6823.png,true
render_6824.png,true
render_6825.png,true
render_6826.png,true
render_6827.png,false
render_6828.png,true
render_6829.png,true
render_6830.png,false
render_6831.png,true
render_6832.png,false
render_6833.png,true
render_6834.png,false
render_6835.png,true
render_6836.png,false
render_6837.png,false
render_6838.png,true
render_6839.png,true
render_6840.png,false
render_6841.png,true
render_6842.png,true
render_6843.png,true
render_6844.png,true
render_6845.png,false
render_6846.png,false
render_6847.png,true
render_6848.png,true
render_6849.png,true
render_6850.png,false
render_6851.png,false
render_6852.png,false
render_6853.png,true
render_6854.png,false
render_6855.png,true
render_6856.png,true
render_6857.png,true
render_6858.png,false
render_6859.png,false
render_6860.png,false
render_6861.png,false
render_6862.png,false
render_6863.png,false
render_6864.png,true
render_6865.png,false
render_6866.png,true
render_6867.png,true
render_6868.png,false
render_6869.png,false
render_6870.png,false
render_6871.png,true
render_6872.png,true
render_6873.png,false
render_6874.png,true
render_6875.png,false
render_6876.png,false
render_6877.png,false
render_6878.png,false
render_6879.png,true
render_6880.png,false
render_6881.png,false
render_6882.png,false
render_6883.png,false
render_6884.png,false
render_6885.png,true
render_6886.png,true
render_6887.png,false
render_6888.png,true
render_6889.png,false
render_6890.png,false
render_6891.png,true
render_6892.png,false
render_6893.png,false
render_6894.png,true
render_6895.png,false
render_6896.png,true
render_6897.png,false
render_6898.png,false
render_6899.png,true
render_6900.png,false
render_6901.png,false
render_6902.png,false
render_6903.png,true
render_6904.png,true
render_6905.png,true
render_6906.png,true
render_6907.png,true
render_6908.png,true
render_6909.png,false
render_6910.png,true
render_6911.png,true
render_6912.png,true
render_6913.png,false
render_6914.png,true
render_6915.png,true
render_6916.png,true
render_6917.png,false
render_6918.png,true
render_6919.png,true
render_6920.png,true
render_6921.png,true
render_6922.png,true
render_6923.png,false
render_6924.png,false
render_6925.png,false
render_6926.png,true
render_6927.png,false
render_6928.png,false
render_6929.png,false
render_6930.png,true
render_6931.png,true
render_6932.png,false
render_6933.png,true
render_6934.png,false
render_6935.png,false
render_6936.png,true
render_6937.png,false
render_6938.png,true
render_6939.png,false
render_6940.png,true
render_6941.png,true
render_6942.png,true
render_6943.png,true
render_6944.png,true
render_6945.png,false
render_6946.png,true
render_6947.png,false
render_6948.png,true
render_6949.png,false
render_6950.png,true
render_6951.png,false
render_6952.png,true
render_6953.png,true
render_6954.png,true
render_6955.png,false
render_6956.png,true
render_6957.png,false
render_6958.png,false
render_6959.png,false
render_6960.png,true
render_6961.png,false
render_6962.png,true
render_6963.png,true
render_6964.png,false
render_6965.png,true
render_6966.png,false
render_6967.png,false
render_6968.png,false
render_6969.png,false
render_6970.png,false
render_6971.png,true
render_6972.png,true
render_6973.png,false
render_6974.png,true
render_6975.png,false
render_6976.png,true
render_6977.png,false
render_6978.png,true
render_6979.png,true
render_6980.png,false
render_6981.png,false
render_6982.png,true
render_6983.png,false
render_6984.png,false
render_6985.png,false
render_6986.png,false
render_6987.png,true
render_6988.png,true
render_6989.png,false
render_6990.png,false
render_6991.png,true
render_6992.png,true
render_6993.png,false
render_6994.png,true
render_6995.png,false
render_6996.png,false
render_6997.png,false
render_6998.png,false
render_6999.png,false
render_7000.png,true
render_7001.png,true
render_7002.png,false
render_7003.png,false
render_7004.png,false
render_7005.png,false
render_7006.png,false
render_7007.png,true
render_7008.png,true
render_7009.png,false
render_7010.png,true
render_7011.png,false
render_7012.png,false
render_7013.png,false
render_7014.png,false
render_7015.png,true
render_7016.png,true
render_7017.png,false
render_7018.png,true
render_7019.png,false
render_7020.png,false
render_7021.png,false
render_7022.png,false
render_7023.png,false
render_7024.png,false
render_7025.png,true
render_7026.png,true
render_7027.png,false
render_7028.png,true
render_7029.png,true
render_7030.png,false
render_7031.png,true
render_7032.png,true
render_7033.png,true
render_7034.png,false
render_7035.png,false
render_7036.png,false
render_7037.png,false
render_7038.png,false
render_7039.png,true
render_7040.png,true
render_7041.png,false
render_7042.png,true
render_7043.png,false
render_7044.png,false
render_7045.png,true
render_7046.png,false
render_7047.png,false
render_7048.png,false
render_7049.png,true
render_7050.png,true
render_7051.png,false
render_7052.png,true
render_7053.png,false
render_7054.png,true
render_7055.png,false
render_7056.png,false
render_7057.png,true
render_7058.png,false
render_7059.png,true
render_7060.png,false
render_7061.png,false
render_7062.png,false
render_7063.png,false
render_7064.png,true
render_7065.png,true
render_7066.png,false
render_7067.png,false
render_7068.png,true
render_7069.png,true
render_7070.png,true
render_7071.png,true
render_7072.png,true
render_7073.png,false
render_7074.png,false
render_7075.png,false
render_7076.png,true
render_7077.png,true
render_7078.png,true
render_7079.png,false
render_7080.png,false
render_7081.png,true
render_7082.png,true
render_7083.png,false
render_7084.png,true
render_7085.png,true
render_7086.png,true
render_7087.png,true
render_7088.png,true
render_7089.png,true
render_7090.png,true
render_7091.png,false
render_7092.png,true
render_7093.png,true
render_7094.png,true
render_7095.png,true
render_7096.png,true
render_7097.png,false
render_7098.png,true
render_7099.png,true
render_7100.png,true
render_7101.png,false
render_7102.png,true
render_7103.png,false
render_7104.png,false
render_7105.png,false
render_7106.png,true
render_7107.png,true
render_7108.png,false
render_7109.png,false
render_7110.png,false
render_7111.png,false
render_7112.png,false
render_7113.png,false
render_7114.png,true
render_7115.png,true
render_7116.png,false
render_7117.png,false
render_7118.png,true
render_7119.png,true
render_7120.png,true
render_7121.png,false
render_7122.png,false
render_7123.png,true
render_7124.png,true
render_7125.png,false
render_7126.png,true
render_7127.png,true
render_7128.png,true
render_7129.png,true
render_7130.png,false
render_7131.png,false
render_7132.png,true
render_7133.png,true
render_7134.png,true
render_7135.png,true
render_7136.png,true
render_7137.png,true
render_7138.png,false
render_7139.png,true
render_7140.png,false
render_7141.png,false
render_7142.png,true
render_7143.png,true
render_7144.png,true
render_7145.png,false
render_7146.png,false
render_7147.png,true
render_7148.png,true
render_7149.png,true
render_7150.png,true
render_7151.png,true
render_7152.png,false
render_7153.png,true
render_7154.png,true
render_7155.png,true
render_7156.png,false
render_7157.png,true
render_7158.png,true
render_7159.png,true
render_7160.png,true
render_7161.png,false
render_7162.png,false
render_7163.png,true
render_7164.png,true
render_7165.png,false
render_7166.png,true
render_7167.png,true
render_7168.png,true
render_7169.png,false
render_7170.png,false
render_7171.png,false
render_7172.png,true
render_7173.png,true
render_7174.png,false
render_7175.png,true
render_7176.png,false
render_7177.png,true
render_7178.png,false
render_7179.png,true
render_7180.png,false
render_7181.png,true
render_7182.png,false
render_7183.png,true
render_7184.png,false
render_7185.png,false
render_7186.png,true
render_7187.png,false
render_7188.png,false
render_7189.png,true
render_7190.png,true
render_7191.png,true
render_7192.png,false
render_7193.png,true
render_7194.png,true
render_7195.png,false
render_7196.png,false
render_7197.png,false
render_7198.png,true
render_7199.png,true
render_7200.png,true
render_7201.png,false
render_7202.png,true
render_7203.png,true
render_7204.png,true
render_7205.png,false
render_7206.png,false
render_7207.png,false
render_7208.png,true
render_7209.png,true
render_7210.png,true
render_7211.png,true
render_7212.png,true
render_7213.png,true
render_7214.png,false
render_7215.png,true
render_7216.png,false
render_7217.png,true
render_7218.png,false
render_7219.png,false
render_7220.png,true
render_7221.png,false
render_7222.png,false
render_7223.png,true
render_7224.png,true
render_7225.png,false
render_7226.png,true
render_7227.png,false
render_7228.png,false
render_7229.png,true
render_7230.png,false
render_7231.png,false
render_7232.png,false
render_7233.png,false
render_7234.png,true
render_7235.png,true
render_7236.png,true
render_7237.png,false
render_7238.png,true
render_7239.png,true
render_7240.png,false
render_7241.png,true
render_7242.png,true
render_7243.png,false
render_7244.png,true
render_7245.png,false
render_7246.png,false
render_7247.png,true
render_7248.png,true
render_7249.png,true
render_7250.png,true
render_7251.png,true
render_7252.png,false
render_7253.png,false
render_7254.png,true
render_7255.png,false
render_7256.png,true
render_7257.png,true
render_7258.png,true
render_7259.png,false
render_7260.png,true
render_7261.png,true
render_7262.png,true
render_7263.png,false
render_7264.png,false
render_7265.png,false
render_7266.png,false
render_7267.png,false
render_7268.png,false
render_7269.png,true
render_7270.png,false
render_7271.png,true
render_7272.png,true
render_7273.png,false
render_7274.png,true
render_7275.png,true
render_7276.png,false
render_7277.png,false
render_7278.png,false
render_7279.png,true
render_7280.png,true
render_7281.png,true
render_7282.png,false
render_7283.png,false
render_7284.png,false
render_7285.png,false
render_7286.png,false
render_7287.png,false
render_7288.png,true
render_7289.png,true
render_7290.png,false
render_7291.png,true
render_7292.png,true
render_7293.png,false
render_7294.png,false
render_7295.png,false
render_7296.png,true
render_7297.png,false
render_7298.png,true
render_7299.png,true
render_7300.png,false
render_7301.png,false
render_7302.png,false
render_7303.png,true
render_7304.png,false
render_7305.png,true
render_7306.png,true
render_7307.png,false
render_7308.png,false
render_7309.png,false
render_7310.png,false
render_7311.png,true
render_7312.png,true
render_7313.png,false
render_7314.png,false
render_7315.png,true
render_7316.png,false
render_7317.png,true
render_7318.png,true
render_7319.png,false
render_7320.png,true
render_7321.png,true
render_7322.png,false
render_7323.png,false
render_7324.png,true
render_7325.png,true
render_7326.png,true
render_7327.png,false
render_7328.png,false
render_7329.png,true
render_7330.png,true
render_7331.png,false
render_7332.png,false
render_7333.png,false
render_7334.png,false
render_7335.png,true
render_7336.png,true
render_7337.png,false
render_7338.png,false
render_7339.png,true
render_7340.png,false
render_7341.png,false
render_7342.png,true
render_7343.png,true
render_7344.png,false
render_7345.png,false
render_7346.png,false
render_7347.png,true
render_7348.png,true
render_7349.png,false
render_7350.png,false
render_7351.png,false
render_7352.png,true
render_7353.png,true
render_7354.png,true
render_7355.png,false
render_7356.png,true
render_7357.png,true
render_7358.png,true
render_7359.png,false
render_7360.png,false
render_7361.png,true
render_7362.png,false
render_7363.png,false
render_7364.png,false
render_7365.png,false
render_7366.png,true
render_7367.png,true
render_7368.png,false
render_7369.png,true
render_7370.png,true
render_7371.png,false
render_7372.png,true
render_7373.png,true
render_7374.png,false
render_7375.png,true
render_7376.png,true
render_7377.png,false
render_7378.png,false
render_7379.png,false
render_7380.png,true
render_7381.png,false
render_7382.png,false
render_7383.png,true
render_7384.png,false
render_7385.png,true
render_7386.png,false
render_7387.png,true
render_7388.png,true
render_7389.png,true
render_7390.png,false
render_7391.png,true
render_7392.png,false
render_7393.png,true
render_7394.png,false
render_7395.png,true
render_7396.png,false
render_7397.png,false
render_7398.png,true
render_7399.png,false
render_7400.png,false
render_7401.png,false
render_7402.png,true
render_7403.png,true
render_7404.png,true
render_7405.png,false
render_7406.png,true
render_7407.png,false
render_7408.png,true
render_7409.png,false
render_7410.png,true
render_7411.png,true
render_7412.png,true
render_7413.png,false
render_7414.png,false
render_7415.png,true
render_7416.png,false
render_7417.png,false
render_7418.png,true
render_7419.png,false
render_7420.png,true
render_7421.png,false
render_7422.png,true
render_7423.png,false
render_7424.png,true
render_7425.png,true
render_7426.png,false
render_7427.png,true
render_7428.png,true
render_7429.png,true
render_7430.png,false
render_7431.png,true
render_7432.png,true
render_7433.png,false
render_7434.png,false
render_7435.png,true
render_7436.png,false
render_7437.png,false
render_7438.png,true
render_7439.png,true
render_7440.png,true
render_7441.png,true
render_7442.png,true
render_7443.png,false
render_7444.png,false
render_7445.png,true
render_7446.png,false
render_7447.png,true
render_7448.png,false
render_7449.png,false
render_7450.png,true
render_7451.png,false
render_7452.png,true
render_7453.png,false
render_7454.png,false
render_7455.png,false
render_7456.png,true
render_7457.png,false
render_7458.png,false
render_7459.png,true
render_7460.png,true
render_7461.png,false
render_7462.png,false
render_7463.png,true
render_7464.png,true
render_7465.png,true
render_7466.png,false
render_7467.png,true
render_7468.png,false
render_7469.png,true
render_7470.png,false
render_7471.png,false
render_7472.png,false
render_7473.png,true
render_7474.png,false
render_7475.png,true
render_7476.png,false
render_7477.png,false
render_7478.png,true
render_7479.png,true
render_7480.png,false
render_7481.png,false
render_7482.png,true
render_7483.png,true
render_7484.png,true
render_7485.png,true
render_7486.png,true
render_7487.png,true
render_7488.png,false
render_7489.png,true
render_7490.png,false
render_7491.png,true
render_7492.png,false
render_7493.png,true
render_7494.png,true
render_7495.png,true
render_7496.png,true
render_7497.png,true
render_7498.png,false
render_7499.png,true
render_7500.png,false
render_7501.png,true
render_7502.png,true
render_7503.png,false
render_7504.png,true
render_7505.png,false
render_7506.png,true
render_7507.png,false
render_7508.png,false
render_7509.png,false
render_7510.png,false
render_7511.png,false
render_7512.png,false
render_7513.png,true
render_7514.png,false
render_7515.png,false
render_7516.png,true
render_7517.png,true
render_7518.png,false
render_7519.png,true
render_7520.png,false
render_7521.png,true
render_7522.png,true
render_7523.png,false
render_7524.png,false
render_7525.png,false
render_7526.png,false
render_7527.png,true
render_7528.png,false
render_7529.png,false
render_7530.png,false
render_7531.png,false
render_7532.png,true
render_7533.png,true
render_7534.png,true
render_7535.png,true
render_7536.png,true
render_7537.png,false
render_7538.png,true
render_7539.png,false
render_7540.png,true
render_7541.png,true
render_7542.png,false
render_7543.png,false
render_7544.png,true
render_7545.png,true
render_7546.png,false
render_7547.png,false
render_7548.png,true
render_7549.png,true
render_7550.png,true
render_7551.png,false
render_7552.png,false
render_7553.png,false
render_7554.png,false
render_7555.png,true
render_7556.png,true
render_7557.png,true
render_7558.png,false
render_7559.png,true
render_7560.png,false
render_7561.png,false
render_7562.png,false
render_7563.png,true
render_7564.png,true
render_7565.png,false
render_7566.png,true
render_7567.png,true
render_7568.png,false
render_7569.png,false
render_7570.png,false
render_7571.png,true
render_7572.png,false
render_7573.png,false
render_7574.png,true
render_7575.png,true
render_7576.png,true
render_7577.png,true
render_7578.png,false
render_7579.png,false
render_7580.png,true
render_7581.png,true
render_7582.png,true
render_7583.png,true
render_7584.png,true
render_7585.png,true
render_7586.png,true
render_7587.png,true
render_7588.png,true
render_7589.png,true
render_7590.png,false
render_7591.png,false
render_7592.png,true
render_7593.png,false
render_7594.png,false
render_7595.png,true
render_7596.png,true
render_7597.png,true
render_7598.png,false
render_7599.png,false
render_7600.png,true
render_7601.png,true
render_7602.png,true
render_7603.png,true
render_7604.png,false
render_7605.png,false
render_7606.png,true
render_7607.png,true
render_7608.png,true
render_7609.png,true
render_7610.png,true
render_7611.png,false
render_7612.png,false
render_7613.png,true
render_7614.png,true
render_7615.png,false
render_7616.png,false
render_7617.png,true
render_7618.png,true
render_7619.png,true
render_7620.png,true
render_7621.png,false
render_7622.png,true
render_7623.png,true
render_7624.png,false
render_7625.png,false
render_7626.png,true
render_7627.png,true
render_7628.png,false
render_7629.png,false
render_7630.png,false
render_7631.png,false
render_7632.png,false
render_7633.png,false
render_7634.png,false
render_7635.png,false
render_7636.png,false
render_7637.png,false
render_7638.png,false
render_7639.png,true
render_7640.png,false
render_7641.png,false
render_7642.png,false
render_7643.png,true
render_7644.png,false
render_7645.png,false
render_7646.png,true
render_7647.png,true
render_7648.png,false
render_7649.png,true
render_7650.png,false
render_7651.png,false
render_7652.png,false
render_7653.png,true
render_7654.png,false
render_7655.png,false
render_7656.png,true
render_7657.png,false
render_7658.png,true
render_7659.png,true
render_7660.png,false
render_7661.png,false
render_7662.png,true
render_7663.png,true
render_7664.png,true
render_7665.png,true
render_7666.png,true
render_7667.png,false
render_7668.png,true
render_7669.png,false
render_7670.png,false
render_7671.png,true
render_7672.png,false
render_7673.png,true
render_7674.png,true
render_7675.png,true
render_7676.png,false
render_7677.png,false
render_7678.png,true
render_7679.png,true
render_7680.png,true
render_7681.png,false
render_7682.png,true
render_7683.png,false
render_7684.png,true
render_7685.png,true
render_7686.png,true
render_7687.png,true
render_7688.png,false
render_7689.png,true
render_7690.png,true
render_7691.png,false
render_7692.png,false
render_7693.png,false
render_7694.png,false
render_7695.png,true
render_7696.png,false
render_7697.png,true
render_7698.png,true
render_7699.png,false
render_7700.png,false
render_7701.png,true
render_7702.png,false
render_7703.png,false
render_7704.png,true
render_7705.png,true
render_7706.png,true
render_7707.png,false
render_7708.png,false
render_7709.png,true
render_7710.png,false
render_7711.png,true
render_7712.png,false
render_7713.png,true
render_7714.png,false
render_7715.png,false
render_7716.png,false
render_7717.png,true
render_7718.png,true
render_7719.png,false
render_7720.png,true
render_7721.png,true
render_7722.png,false
render_7723.png,false
render_7724.png,true
render_7725.png,true
render_7726.png,true
render_7727.png,true
render_7728.png,false
render_7729.png,true
render_7730.png,false
render_7731.png,false
render_7732.png,false
render_7733.png,true
render_7734.png,true
render_7735.png,false
render_7736.png,false
render_7737.png,true
render_7738.png,false
render_7739.png,true
render_7740.png,false
render_7741.png,false
render_7742.png,false
render_7743.png,true
render_7744.png,true
render_7745.png,false
render_7746.png,true
render_7747.png,true
render_7748.png,false
render_7749.png,true
render_7750.png,false
render_7751.png,true
render_7752.png,false
render_7753.png,true
render_7754.png,false
render_7755.png,true
render_7756.png,true
render_7757.png,true
render_7758.png,true
render_7759.png,false
render_7760.png,false
render_7761.png,false
render_7762.png,false
render_7763.png,false
render_7764.png,false
render_7765.png,true
render_7766.png,true
render_7767.png,true
render_7768.png,true
render_7769.png,true
render_7770.png,false
render_7771.png,true
render_7772.png,false
render_7773.png,true
render_7774.png,true
render_7775.png,true
render_7776.png,true
render_7777.png,false
render_7778.png,true
render_7779.png,false
render_7780.png,true
render_7781.png,true
render_7782.png,false
render_7783.png,true
render_7784.png,true
render_7785.png,false
render_7786.png,false
render_7787.png,true
render_7788.png,false
render_7789.png,true
render_7790.png,true
render_7791.png,false
render_7792.png,true
render_7793.png,false
render_7794.png,true
render_7795.png,false
render_7796.png,false
render_7797.png,true
render_7798.png,false
render_7799.png,false
render_7800.png,true
render_7801.png,false
render_7802.png,true
render_7803.png,false
render_7804.png,true
render_7805.png,true
render_7806.png,true
render_7807.png,false
render_7808.png,true
render_7809.png,false
render_7810.png,false
render_7811.png,false
render_7812.png,false
render_7813.png,false
render_7814.png,false
render_7815.png,false
render_7816.png,true
render_7817.png,false
render_7818.png,false
render_7819.png,true
render_7820.png,false
render_7821.png,false
render_7822.png,true
render_7823.png,true
render_7824.png,true
render_7825.png,true
render_7826.png,false
render_7827.png,false
render_7828.png,true
render_7829.png,false
render_7830.png,false
render_7831.png,true
render_7832.png,true
render_7833.png,true
render_7834.png,false
render_7835.png,true
render_7836.png,false
render_7837.png,true
render_7838.png,false
render_7839.png,false
render_7840.png,false
render_7841.png,false
render_7842.png,false
render_7843.png,false
render_7844.png,true
render_7845.png,true
render_7846.png,true
render_7847.png,true
render_7848.png,false
render_7849.png,false
render_7850.png,false
render_7851.png,true
render_7852.png,true
render_7853.png,true
render_7854.png,true
render_7855.png,false
render_7856.png,true
render_7857.png,false
render_7858.png,true
render_7859.png,false
render_7860.png,true
render_7861.png,false
render_7862.png,true
render_7863.png,true
render_7864.png,true
render_7865.png,true
render_7866.png,false
render_7867.png,false
render_7868.png,false
render_7869.png,true
render_7870.png,true
render_7871.png,true
render_7872.png,false
render_7873.png,true
render_7874.png,false
render_7875.png,false
render_7876.png,true
render_7877.png,true
render_7878.png,false
render_7879.png,true
render_7880.png,false
render_7881.png,false
render_7882.png,false
render_7883.png,true
render_7884.png,false
render_7885.png,false
render_7886.png,false
render_7887.png,false
render_7888.png,true
render_7889.png,false
render_7890.png,false
render_7891.png,true
render_7892.png,true
render_7893.png,false
render_7894.png,true
render_7895.png,false
render_7896.png,true
render_7897.png,false
render_7898.png,true
render_7899.png,true
render_7900.png,false
render_7901.png,false
render_7902.png,true
render_7903.png,false
render_7904.png,false
render_7905.png,true
render_7906.png,false
render_7907.png,false
render_7908.png,false
render_7909.png,true
render_7910.png,false
render_7911.png,false
render_7912.png,false
render_7913.png,true
render_7914.png,true
render_7915.png,true
render_7916.png,false
render_7917.png,true
render_7918.png,true
render_7919.png,true
render_7920.png,false
render_7921.png,true
render_7922.png,false
render_7923.png,true
render_7924.png,true
render_7925.png,true
render_7926.png,false
render_7927.png,false
render_7928.png,false
render_7929.png,true
render_7930.png,true
render_7931.png,false
render_7932.png,true
render_7933.png,true
render_7934.png,false
render_7935.png,true
render_7936.png,true
render_7937.png,false
render_7938.png,true
render_7939.png,true
render_7940.png,true
render_7941.png,false
render_7942.png,true
render_7943.png,true
render_7944.png,true
render_7945.png,true
render_7946.png,false
render_7947.png,false
render_7948.png,false
render_7949.png,false
render_7950.png,true
render_7951.png,false
render_7952.png,false
render_7953.png,true
render_7954.png,false
render_7955.png,false
render_7956.png,true
render_7957.png,false
render_7958.png,false
render_7959.png,false
render_7960.png,true
render_7961.png,false
render_7962.png,true
render_7963.png,true
render_7964.png,false
render_7965.png,false
render_7966.png,false
render_7967.png,true
render_7968.png,true
render_7969.png,true
render_7970.png,true
render_7971.png,false
render_7972.png,false
render_7973.png,false
render_7974.png,true
render_7975.png,false
render_7976.png,true
render_7977.png,false
render_7978.png,true
render_7979.png,false
render_7980.png,false
render_7981.png,false
render_7982.png,false
render_7983.png,false
render_7984.png,true
render_7985.png,false
render_7986.png,false
render_7987.png,false
render_7988.png,false
render_7989.png,false
render_7990.png,false
render_7991.png,false
render_7992.png,true
render_7993.png,false
render_7994.png,false
render_7995.png,true
render_7996.png,false
render_7997.png,true
render_7998.png,false
render_7999.png,false
render_8000.png,true
render_8001.png,false
render_8002.png,true
render_8003.png,false
render_8004.png,false
render_8005.png,false
render_8006.png,false
render_8007.png,true
render_8008.png,true
render_8009.png,true
render_8010.png,true
render_8011.png,false
render_8012.png,true
render_8013.png,false
render_8014.png,false
render_8015.png,true
render_8016.png,false
render_8017.png,false
render_8018.png,false
render_8019.png,true
render_8020.png,false
render_8021.png,false
render_8022.png,true
render_8023.png,true
render_8024.png,false
render_8025.png,true
render_8026.png,true
render_8027.png,false
render_8028.png,false
render_8029.png,false
render_8030.png,false
render_8031.png,false
render_8032.png,false
render_8033.png,false
render_8034.png,true
render_8035.png,true
render_8036.png,true
render_8037.png,false
render_8038.png,true
render_8039.png,false
render_8040.png,false
render_8041.png,false
render_8042.png,true
render_8043.png,true
render_8044.png,true
render_8045.png,true
render_8046.png,true
render_8047.png,true
render_8048.png,false
render_8049.png,true
render_8050.png,false
render_8051.png,true
render_8052.png,true
render_8053.png,true
render_8054.png,false
render_8055.png,false
render_8056.png,false
render_8057.png,true
render_8058.png,false
render_8059.png,true
render_8060.png,true
render_8061.png,true
render_8062.png,false
render_8063.png,true
render_8064.png,false
render_8065.png,true
render_8066.png,true
render_8067.png,true
render_8068.png,false
render_8069.png,true
render_8070.png,true
render_8071.png,true
render_8072.png,true
render_8073.png,false
render_8074.png,false
render_8075.png,true
render_8076.png,false
render_8077.png,false
render_8078.png,false
render_8079.png,false
render_8080.png,true
render_8081.png,true
render_8082.png,true
render_8083.png,true
render_8084.png,false
render_8085.png,true
render_8086.png,false
render_8087.png,false
render_8088.png,true
render_8089.png,false
render_8090.png,true
render_8091.png,false
render_8092.png,true
render_8093.png,true
render_8094.png,true
render_8095.png,true
render_8096.png,false
render_8097.png,false
render_8098.png,false
render_8099.png,true
render_8100.png,true
render_8101.png,true
render_8102.png,false
render_8103.png,true
render_8104.png,true
render_8105.png,false
render_8106.png,false
render_8107.png,false
render_8108.png,false
render_8109.png,true
render_8110.png,true
render_8111.png,true
render_8112.png,false
render_8113.png,false
render_8114.png,false
render_8115.png,true
render_8116.png,false
render_8117.png,false
render_8118.png,true
render_8119.png,true
render_8120.png,false
render_8121.png,false
render_8122.png,false
render_8123.png,true
render_8124.png,true
render_8125.png,true
render_8126.png,true
render_8127.png,false
render_8128.png,true
render_8129.png,false
render_8130.png,true
render_8131.png,true
render_8132.png,false
render_8133.png,true
render_8134.png,false
render_8135.png,true
render_8136.png,false
render_8137.png,true
render_8138.png,false
render_8139.png,true
render_8140.png,false
render_8141.png,true
render_8142.png,false
render_8143.png,true
render_8144.png,false
render_8145.png,true
render_8146.png,false
render_8147.png,true
render_8148.png,false
render_8149.png,false
render_8150.png,false
render_8151.png,false
render_8152.png,true
render_8153.png,false
render_8154.png,false
render_8155.png,false
render_8156.png,false
render_8157.png,false
render_8158.png,false
render_8159.png,false
render_8160.png,false
render_8161.png,false
render_8162.png,false
render_8163.png,false
render_8164.png,false
render_8165.png,false
render_8166.png,true
render_8167.png,false
render_8168.png,false
render_8169.png,true
render_8170.png,true
render_8171.png,false
render_8172.png,false
render_8173.png,true
render_8174.png,true
render_8175.png,false
render_8176.png,false
render_8177.png,true
render_8178.png,true
render_8179.png,false
render_8180.png,true
render_8181.png,true
render_8182.png,false
render_8183.png,false
render_8184.png,true
render_8185.png,false
render_8186.png,true
render_8187.png,true
render_8188.png,false
render_8189.png,true
render_8190.png,false
render_8191.png,true
render_8192.png,false
render_8193.png,false
render_8194.png,true
render_8195.png,true
render_8196.png,true
render_8197.png,false
render_8198.png,true
render_8199.png,true
render_8200.png,true
render_8201.png,true
render_8202.png,true
render_8203.png,false
render_8204.png,true
render_8205.png,false
render_8206.png,true
render_8207.png,false
render_8208.png,true
render_8209.png,true
render_8210.png,false
render_8211.png,false
render_8212.png,true
render_8213.png,true
render_8214.png,true
render_8215.png,false
render_8216.png,true
render_8217.png,true
render_8218.png,false
render_8219.png,true
render_8220.png,true
render_8221.png,true
render_8222.png,true
render_8223.png,false
render_8224.png,false
render_8225.png,false
render_8226.png,true
render_8227.png,true
render_8228.png,false
render_8229.png,true
render_8230.png,true
render_8231.png,false
render_8232.png,true
render_8233.png,false
render_8234.png,false
render_8235.png,true
render_8236.png,false
render_8237.png,false
render_8238.png,false
render_8239.png,true
render_8240.png,false
render_8241.png,true
render_8242.png,true
render_8243.png,true
render_8244.png,true
render_8245.png,false
render_8246.png,true
render_8247.png,false
render_8248.png,false
render_8249.png,true
render_8250.png,false
render_8251.png,false
render_8252.png,false
render_8253.png,true
render_8254.png,true
render_8255.png,false
render_8256.png,false
render_8257.png,true
render_8258.png,false
render_8259.png,true
render_8260.png,true
render_8261.png,true
render_8262.png,false
render_8263.png,true
render_8264.png,true
render_8265.png,false
render_8266.png,false
render_8267.png,false
render_8268.png,false
render_8269.png,true
render_8270.png,true
render_8271.png,false
render_8272.png,false
render_8273.png,false
render_8274.png,true
render_8275.png,true
render_8276.png,false
render_8277.png,false
render_8278.png,false
render_8279.png,true
render_8280.png,true
render_8281.png,false
render_8282.png,false
render_8283.png,true
render_8284.png,false
render_8285.png,false
render_8286.png,false
render_8287.png,true
render_8288.png,true
render_8289.png,false
render_8290.png,true
render_8291.png,false
render_8292.png,true
render_8293.png,false
render_8294.png,false
render_8295.png,false
render_8296.png,false
render_8297.png,false
render_8298.png,false
render_8299.png,false
render_8300.png,false
render_8301.png,true
render_8302.png,true
render_8303.png,false
render_8304.png,true
render_8305.png,false
render_8306.png,false
render_8307.png,false
render_8308.png,true
render_8309.png,false
render_8310.png,false
render_8311.png,true
render_8312.png,false
render_8313.png,true
render_8314.png,false
render_8315.png,true
render_8316.png,true
render_8317.png,false
render_8318.png,false
render_8319.png,false
render_8320.png,true
render_8321.png,true
render_8322.png,true
render_8323.png,true
render_8324.png,true
render_8325.png,true
render_8326.png,true
render_8327.png,true
render_8328.png,false
render_8329.png,false
render_8330.png,false
render_8331.png,false
render_8332.png,false
render_8333.png,false
render_8334.png,true
render_8335.png,false
render_8336.png,true
render_8337.png,false
render_8338.png,false
render_8339.png,false
render_8340.png,false
render_8341.png,false
render_8342.png,false
render_8343.png,false
render_8344.png,true
render_8345.png,true
render_8346.png,false
render_8347.png,true
render_8348.png,true
render_8349.png,true
render_8350.png,false
render_8351.png,false
render_8352.png,false
render_8353.png,false
render_8354.png,true
render_8355.png,true
render_8356.png,false
render_8357.png,true
render_8358.png,false
render_8359.png,true
render_8360.png,false
render_8361.png,true
render_8362.png,false
render_8363.png,true
render_8364.png,false
render_8365.png,true
render_8366.png,true
render_8367.png,true
render_8368.png,true
render_8369.png,true
render_8370.png,false
render_8371.png,true
render_8372.png,false
render_8373.png,true
render_8374.png,false
render_8375.png,false
render_8376.png,true
render_8377.png,true
render_8378.png,false
render_8379.png,true
render_8380.png,true
render_8381.png,true
render_8382.png,false
render_8383.png,false
render_8384.png,false
render_8385.png,true
render_8386.png,false
render_8387.png,true
render_8388.png,true
render_8389.png,false
render_8390.png,false
render_8391.png,false
render_8392.png,false
render_8393.png,true
render_8394.png,false
render_8395.png,true
render_8396.png,false
render_8397.png,false
render_8398.png,false
render_8399.png,false
render_8400.png,true
render_8401.png,false
render_8402.png,true
render_8403.png,false
render_8404.png,false
render_8405.png,true
render_8406.png,true
render_8407.png,false
render_8408.png,false
render_8409.png,false
render_8410.png,true
render_8411.png,false
render_8412.png,false
render_8413.png,false
render_8414.png,true
render_8415.png,true
render_8416.png,true
render_8417.png,false
render_8418.png,false
render_8419.png,false
render_8420.png,true
render_8421.png,false
render_8422.png,false
render_8423.png,true
render_8424.png,false
render_8425.png,false
render_8426.png,true
render_8427.png,true
render_8428.png,true
render_8429.png,false
render_8430.png,true
render_8431.png,false
render_8432.png,false
render_8433.png,true
render_8434.png,true
render_8435.png,false
render_8436.png,true
render_8437.png,true
render_8438.png,false
render_8439.png,false
render_8440.png,false
render_8441.png,true
render_8442.png,true
render_8443.png,true
render_8444.png,true
render_8445.png,true
render_8446.png,false
render_8447.png,true
render_8448.png,false
render_8449.png,false
render_8450.png,true
render_8451.png,true
render_8452.png,true
render_8453.png,false
render_8454.png,false
render_8455.png,true
render_8456.png,true
render_8457.png,true
render_8458.png,false
render_8459.png,true
render_8460.png,false
render_8461.png,false
render_8462.png,false
render_8463.png,false
render_8464.png,true
render_8465.png,true
render_8466.png,true
render_8467.png,false
render_8468.png,false
render_8469.png,false
render_8470.png,true
render_8471.png,true
render_8472.png,false
render_8473.png,true
render_8474.png,false
render_8475.png,true
render_8476.png,true
render_8477.png,true
render_8478.png,false
render_8479.png,true
render_8480.png,false
render_8481.png,true
render_8482.png,true
render_8483.png,false
render_8484.png,true
render_8485.png,true
render_8486.png,false
render_8487.png,false
render_8488.png,true
render_8489.png,false
render_8490.png,false
render_8491.png,false
render_8492.png,true
render_8493.png,true
render_8494.png,false
render_8495.png,false
render_8496.png,false
render_8497.png,true
render_8498.png,true
render_8499.png,true
render_8500.png,true
render_8501.png,true
render_8502.png,true
render_8503.png,false
render_8504.png,true
render_8505.png,true
render_8506.png,false
render_8507.png,false
render_8508.png,false
render_8509.png,true
render_8510.png,true
render_8511.png,false
render_8512.png,true
render_8513.png,false
render_8514.png,true
render_8515.png,false
render_8516.png,false
render_8517.png,false
render_8518.png,true
render_8519.png,true
render_8520.png,true
render_8521.png,true
render_8522.png,true
render_8523.png,false
render_8524.png,true
render_8525.png,true
render_8526.png,true
render_8527.png,false
render_8528.png,false
render_8529.png,true
render_8530.png,true
render_8531.png,true
render_8532.png,true
render_8533.png,false
render_8534.png,false
render_8535.png,false
render_8536.png,true
render_8537.png,false
render_8538.png,false
render_8539.png,false
render_8540.png,true
render_8541.png,true
render_8542.png,true
render_8543.png,true
render_8544.png,true
render_8545.png,false
render_8546.png,false
render_8547.png,false
render_8548.png,true
render_8549.png,true
render_8550.png,true
render_8551.png,true
render_8552.png,false
render_8553.png,true
render_8554.png,true
render_8555.png,true
render_8556.png,false
render_8557.png,true
render_8558.png,true
render_8559.png,true
render_8560.png,false
render_8561.png,true
render_8562.png,false
render_8563.png,true
render_8564.png,false
render_8565.png,false
render_8566.png,false
render_8567.png,true
render_8568.png,false
render_8569.png,true
render_8570.png,true
render_8571.png,false
render_8572.png,true
render_8573.png,false
render_8574.png,false
render_8575.png,false
render_8576.png,false
render_8577.png,false
render_8578.png,true
render_8579.png,true
render_8580.png,true
render_8581.png,true
render_8582.png,true
render_8583.png,true
render_8584.png,false
render_8585.png,false
render_8586.png,false
render_8587.png,true
render_8588.png,false
render_8589.png,true
render_8590.png,false
render_8591.png,false
render_8592.png,true
render_8593.png,true
render_8594.png,false
render_8595.png,false
render_8596.png,true
render_8597.png,true
render_8598.png,false
render_8599.png,false
render_8600.png,true
render_8601.png,true
render_8602.png,false
render_8603.png,true
render_8604.png,true
render_8605.png,false
render_8606.png,false
render_8607.png,true
render_8608.png,true
render_8609.png,true
render_8610.png,true
render_8611.png,true
render_8612.png,false
render_8613.png,true
render_8614.png,false
render_8615.png,true
render_8616.png,true
render_8617.png,false
render_8618.png,false
render_8619.png,false
render_8620.png,true
render_8621.png,false
render_8622.png,false
render_8623.png,false
render_8624.png,true
render_8625.png,true
render_8626.png,false
render_8627.png,false
render_8628.png,false
render_8629.png,false
render_8630.png,true
render_8631.png,true
render_8632.png,false
render_8633.png,true
render_8634.png,true
render_8635.png,true
render_8636.png,true
render_8637.png,false
render_8638.png,true
render_8639.png,true
render_8640.png,true
render_8641.png,true
render_8642.png,false
render_8643.png,true
render_8644.png,false
render_8645.png,true
render_8646.png,true
render_8647.png,false
render_8648.png,false
render_8649.png,false
render_8650.png,true
render_8651.png,false
render_8652.png,true
render_8653.png,false
render_8654.png,true
render_8655.png,true
render_8656.png,false
render_8657.png,true
render_8658.png,false
render_8659.png,true
render_8660.png,false
render_8661.png,false
render_8662.png,true
render_8663.png,false
render_8664.png,false
render_8665.png,true
render_8666.png,true
render_8667.png,true
render_8668.png,false
render_8669.png,true
render_8670.png,false
render_8671.png,true
render_8672.png,false
render_8673.png,true
render_8674.png,true
render_8675.png,true
render_8676.png,true
render_8677.png,true
render_8678.png,false
render_8679.png,true
render_8680.png,false
render_8681.png,true
render_8682.png,false
render_8683.png,true
render_8684.png,false
render_8685.png,false
render_8686.png,true
render_8687.png,true
render_8688.png,true
render_8689.png,false
render_8690.png,true
render_8691.png,false
render_8692.png,false
render_8693.png,false
render_8694.png,false
render_8695.png,true
render_8696.png,false
render_8697.png,true
render_8698.png,false
render_8699.png,true
render_8700.png,true
render_8701.png,false
render_8702.png,false
render_8703.png,false
render_8704.png,false
render_8705.png,true
render_8706.png,false
render_8707.png,false
render_8708.png,true
render_8709.png,true
render_8710.png,false
render_8711.png,true
render_8712.png,false
render_8713.png,true
render_8714.png,true
render_8715.png,false
render_8716.png,false
render_8717.png,true
render_8718.png,false
render_8719.png,false
render_8720.png,true
render_8721.png,true
render_8722.png,false
render_8723.png,true
render_8724.png,true
render_8725.png,true
render_8726.png,true
render_8727.png,false
render_8728.png,true
render_8729.png,true
render_8730.png,true
render_8731.png,false
render_8732.png,true
render_8733.png,true
render_8734.png,false
render_8735.png,false
render_8736.png,true
render_8737.png,true
render_8738.png,true
render_8739.png,false
render_8740.png,false
render_8741.png,true
render_8742.png,true
render_8743.png,false
render_8744.png,true
render_8745.png,true
render_8746.png,true
render_8747.png,true
render_8748.png,false
render_8749.png,false
render_8750.png,true
render_8751.png,false
render_8752.png,true
render_8753.png,false
render_8754.png,false
render_8755.png,true
render_8756.png,true
render_8757.png,false
render_8758.png,false
render_8759.png,false
render_8760.png,true
render_8761.png,true
render_8762.png,true
render_8763.png,true
render_8764.png,true
render_8765.png,false
render_8766.png,true
render_8767.png,false
render_8768.png,true
render_8769.png,false
render_8770.png,true
render_8771.png,false
render_8772.png,false
render_8773.png,true
render_8774.png,true
render_8775.png,false
render_8776.png,true
render_8777.png,false
render_8778.png,true
render_8779.png,true
render_8780.png,true
render_8781.png,true
render_8782.png,false
render_8783.png,false
render_8784.png,false
render_8785.png,true
render_8786.png,false
render_8787.png,true
render_8788.png,false
render_8789.png,false
render_8790.png,false
render_8791.png,true
render_8792.png,true
render_8793.png,true
render_8794.png,true
render_8795.png,true
render_8796.png,true
render_8797.png,false
render_8798.png,true
render_8799.png,false
render_8800.png,false
render_8801.png,true
render_8802.png,true
render_8803.png,true
render_8804.png,false
render_8805.png,true
render_8806.png,false
render_8807.png,false
render_8808.png,false
render_8809.png,false
render_8810.png,false
render_8811.png,true
render_8812.png,false
render_8813.png,false
render_8814.png,false
render_8815.png,true
render_8816.png,false
render_8817.png,true
render_8818.png,false
render_8819.png,false
render_8820.png,false
render_8821.png,true
render_8822.png,false
render_8823.png,false
render_8824.png,false
render_8825.png,false
render_8826.png,true
render_8827.png,true
render_8828.png,false
render_8829.png,false
render_8830.png,true
render_8831.png,false
render_8832.png,true
render_8833.png,false
render_8834.png,false
render_8835.png,true
render_8836.png,false
render_8837.png,false
render_8838.png,false
render_8839.png,false
render_8840.png,false
render_8841.png,false
render_8842.png,true
render_8843.png,true
render_8844.png,true
render_8845.png,false
render_8846.png,false
render_8847.png,true
render_8848.png,true
render_8849.png,false
render_8850.png,false
render_8851.png,true
render_8852.png,true
render_8853.png,true
render_8854.png,true
render_8855.png,true
render_8856.png,false
render_8857.png,true
render_8858.png,true
render_8859.png,true
render_8860.png,true
render_8861.png,false
render_8862.png,true
render_8863.png,false
render_8864.png,false
render_8865.png,true
render_8866.png,true
render_8867.png,false
render_8868.png,true
render_8869.png,true
render_8870.png,true
render_8871.png,true
render_8872.png,true
render_8873.png,true
render_8874.png,false
render_8875.png,true
render_8876.png,true
render_8877.png,true
render_8878.png,true
render_8879.png,false
render_8880.png,false
render_8881.png,true
render_8882.png,false
render_8883.png,true
render_8884.png,false
render_8885.png,true
render_8886.png,true
render_8887.png,false
render_8888.png,false
render_8889.png,true
render_8890.png,true
render_8891.png,true
render_8892.png,true
render_8893.png,false
render_8894.png,true
render_8895.png,false
render_8896.png,false
render_8897.png,true
render_8898.png,false
render_8899.png,true
render_8900.png,true
render_8901.png,false
render_8902.png,false
render_8903.png,true
render_8904.png,false
render_8905.png,true
render_8906.png,false
render_8907.png,true
render_8908.png,true
render_8909.png,false
render_8910.png,true
render_8911.png,false
render_8912.png,false
render_8913.png,false
render_8914.png,false
render_8915.png,true
render_8916.png,false
render_8917.png,false
render_8918.png,false
render_8919.png,false
render_8920.png,false
render_8921.png,false
render_8922.png,false
render_8923.png,false
render_8924.png,false
render_8925.png,true
render_8926.png,false
render_8927.png,true
render_8928.png,true
render_8929.png,false
render_8930.png,true
render_8931.png,false
render_8932.png,true
render_8933.png,true
render_8934.png,false
render_8935.png,true
render_8936.png,true
render_8937.png,true
render_8938.png,false
render_8939.png,true
render_8940.png,true
render_8941.png,false
render_8942.png,true
render_8943.png,true
render_8944.png,true
render_8945.png,false
render_8946.png,false
render_8947.png,false
render_8948.png,false
render_8949.png,false
render_8950.png,false
render_8951.png,true
render_8952.png,false
render_8953.png,false
render_8954.png,false
render_8955.png,false
render_8956.png,false
render_8957.png,true
render_8958.png,true
render_8959.png,true
render_8960.png,true
render_8961.png,false
render_8962.png,false
render_8963.png,false
render_8964.png,false
render_8965.png,true
render_8966.png,false
render_8967.png,true
render_8968.png,false
render_8969.png,true
render_8970.png,true
render_8971.png,true
render_8972.png,true
render_8973.png,false
render_8974.png,true
render_8975.png,false
render_8976.png,true
render_8977.png,false
render_8978.png,false
render_8979.png,true
render_8980.png,true
render_8981.png,true
render_8982.png,true
render_8983.png,true
render_8984.png,true
render_8985.png,false
render_8986.png,false
render_8987.png,false
render_8988.png,false
render_8989.png,true
render_8990.png,true
render_8991.png,false
render_8992.png,false
render_8993.png,false
render_8994.png,true
render_8995.png,false
render_8996.png,true
render_8997.png,true
render_8998.png,true
render_8999.png,false
render_9000.png,false
render_9001.png,false
render_9002.png,true
render_9003.png,false
render_9004.png,false
render_9005.png,true
render_9006.png,false
render_9007.png,true
render_9008.png,true
render_9009.png,true
render_9010.png,true
render_9011.png,true
render_9012.png,false
render_9013.png,true
render_9014.png,true
render_9015.png,true
render_9016.png,true
render_9017.png,false
render_9018.png,true
render_9019.png,true
render_9020.png,false
render_9021.png,false
render_9022.png,true
render_9023.png,false
render_9024.png,true
render_9025.png,true
render_9026.png,false
render_9027.png,false
render_9028.png,false
render_9029.png,true
render_9030.png,true
render_9031.png,true
render_9032.png,true
render_9033.png,true
render_9034.png,false
render_9035.png,true
render_9036.png,true
render_9037.png,false
render_9038.png,true
render_9039.png,true
render_9040.png,true
render_9041.png,false
render_9042.png,false
render_9043.png,false
render_9044.png,true
render_9045.png,true
render_9046.png,false
render_9047.png,false
render_9048.png,true
render_9049.png,false
render_9050.png,true
render_9051.png,false
render_9052.png,true
render_9053.png,true
render_9054.png,true
render_9055.png,true
render_9056.png,true
render_9057.png,true
render_9058.png,true
render_9059.png,true
render_9060.png,false
render_9061.png,true
render_9062.png,true
render_9063.png,true
render_9064.png,true
render_9065.png,true
render_9066.png,true
render_9067.png,true
render_9068.png,true
render_9069.png,false
render_9070.png,false
render_9071.png,true
render_9072.png,false
render_9073.png,true
render_9074.png,true
render_9075.png,false
render_9076.png,true
render_9077.png,false
render_9078.png,false
render_9079.png,false
render_9080.png,false
render_9081.png,false
render_9082.png,true
render_9083.png,false
render_9084.png,true
render_9085.png,true
render_9086.png,true
render_9087.png,false
render_9088.png,true
render_9089.png,false
render_9090.png,false
render_9091.png,true
render_9092.png,true
render_9093.png,false
render_9094.png,true
render_9095.png,false
render_9096.png,false
render_9097.png,true
render_9098.png,false
render_9099.png,true
render_9100.png,false
render_9101.png,false
render_9102.png,false
render_9103.png,false
render_9104.png,true
render_9105.png,true
render_9106.png,true
render_9107.png,true
render_9108.png,true
render_9109.png,true
render_9110.png,false
render_9111.png,false
render_9112.png,false
render_9113.png,true
render_9114.png,true
render_9115.png,false
render_9116.png,true
render_9117.png,false
render_9118.png,true
render_9119.png,false
render_9120.png,true
render_9121.png,false
render_9122.png,false
render_9123.png,false
render_9124.png,true
render_9125.png,false
render_9126.png,true
render_9127.png,true
render_9128.png,true
render_9129.png,true
render_9130.png,true
render_9131.png,true
render_9132.png,true
render_9133.png,false
render_9134.png,false
render_9135.png,false
render_9136.png,true
render_9137.png,true
render_9138.png,false
render_9139.png,false
render_9140.png,false
render_9141.png,false
render_9142.png,true
render_9143.png,false
render_9144.png,true
render_9145.png,false
render_9146.png,false
render_9147.png,true
render_9148.png,true
render_9149.png,true
render_9150.png,true
render_9151.png,false
render_9152.png,true
render_9153.png,false
render_9154.png,true
render_9155.png,false
render_9156.png,true
render_9157.png,true
render_9158.png,true
render_9159.png,true
render_9160.png,false
render_9161.png,true
render_9162.png,false
render_9163.png,true
render_9164.png,true
render_9165.png,false
render_9166.png,true
render_9167.png,true
render_9168.png,true
render_9169.png,false
render_9170.png,true
render_9171.png,true
render_9172.png,true
render_9173.png,true
render_9174.png,true
render_9175.png,false
render_9176.png,false
render_9177.png,false
render_9178.png,true
render_9179.png,true
render_9180.png,true
render_9181.png,true
render_9182.png,false
render_9183.png,true
render_9184.png,false
render_9185.png,true
render_9186.png,false
render_9187.png,true
render_9188.png,true
render_9189.png,true
render_9190.png,false
render_9191.png,false
render_9192.png,true
render_9193.png,true
render_9194.png,true
render_9195.png,true
render_9196.png,false
render_9197.png,true
render_9198.png,true
render_9199.png,true
render_9200.png,true
render_9201.png,false
render_9202.png,false
render_9203.png,true
render_9204.png,true
render_9205.png,false
render_9206.png,false
render_9207.png,true
render_9208.png,true
render_9209.png,true
render_9210.png,false
render_9211.png,true
render_9212.png,false
render_9213.png,false
render_9214.png,false
render_9215.png,true
render_9216.png,false
render_9217.png,true
render_9218.png,true
render_9219.png,true
render_9220.png,true
render_9221.png,true
render_9222.png,false
render_9223.png,false
render_9224.png,true
render_9225.png,true
render_9226.png,false
render_9227.png,true
render_9228.png,true
render_9229.png,true
render_9230.png,false
render_9231.png,true
render_9232.png,true
render_9233.png,true
render_9234.png,true
render_9235.png,false
render_9236.png,false
render_9237.png,true
render_9238.png,false
render_9239.png,true
render_9240.png,true
render_9241.png,false
render_9242.png,true
render_9243.png,true
render_9244.png,false
render_9245.png,false
render_9246.png,true
render_9247.png,false
render_9248.png,false
render_9249.png,true
render_9250.png,true
render_9251.png,true
render_9252.png,false
render_9253.png,false
render_9254.png,false
render_9255.png,false
render_9256.png,false
render_9257.png,true
render_9258.png,true
render_9259.png,true
render_9260.png,false
render_9261.png,true
render_9262.png,true
render_9263.png,false
render_9264.png,false
render_9265.png,false
render_9266.png,true
render_9267.png,false
render_9268.png,false
render_9269.png,false
render_9270.png,false
render_9271.png,true
render_9272.png,false
render_9273.png,true
render_9274.png,false
render_9275.png,false
render_9276.png,false
render_9277.png,false
render_9278.png,true
render_9279.png,false
render_9280.png,true
render_9281.png,true
render_9282.png,false
render_9283.png,true
render_9284.png,false
render_9285.png,true
render_9286.png,true
render_9287.png,false
render_9288.png,true
render_9289.png,true
render_9290.png,false
render_9291.png,true
render_9292.png,false
render_9293.png,false
render_9294.png,true
render_9295.png,true
render_9296.png,false
render_9297.png,true
render_9298.png,true
render_9299.png,true
render_9300.png,false
render_9301.png,false
render_9302.png,true
render_9303.png,false
render_9304.png,false
render_9305.png,false
render_9306.png,false
render_9307.png,false
render_9308.png,true
render_9309.png,true
render_9310.png,false
render_9311.png,false
render_9312.png,true
render_9313.png,false
render_9314.png,false
render_9315.png,true
render_9316.png,true
render_9317.png,true
render_9318.png,false
render_9319.png,false
render_9320.png,true
render_9321.png,true
render_9322.png,true
render_9323.png,false
render_9324.png,true
render_9325.png,false
render_9326.png,false
render_9327.png,true
render_9328.png,false
render_9329.png,true
render_9330.png,true
render_9331.png,false
render_9332.png,true
render_9333.png,true
render_9334.png,false
render_9335.png,true
render_9336.png,false
render_9337.png,false
render_9338.png,false
render_9339.png,false
render_9340.png,false
render_9341.png,false
render_9342.png,false
render_9343.png,false
render_9344.png,true
render_9345.png,false
render_9346.png,true
render_9347.png,true
render_9348.png,false
render_9349.png,false
render_9350.png,false
render_9351.png,false
render_9352.png,false
render_9353.png,true
render_9354.png,false
render_9355.png,true
render_9356.png,true
render_9357.png,true
render_9358.png,false
render_9359.png,true
render_9360.png,true
render_9361.png,true
render_9362.png,false
render_9363.png,false
render_9364.png,true
render_9365.png,false
render_9366.png,true
render_9367.png,true
render_9368.png,false
render_9369.png,true
render_9370.png,true
render_9371.png,true
render_9372.png,true
render_9373.png,false
render_9374.png,false
render_9375.png,true
render_9376.png,true
render_9377.png,true
render_9378.png,true
render_9379.png,false
render_9380.png,true
render_9381.png,false
render_9382.png,false
render_9383.png,true
render_9384.png,true
render_9385.png,false
render_9386.png,true
render_9387.png,true
render_9388.png,false
render_9389.png,true
render_9390.png,false
render_9391.png,true
render_9392.png,false
render_9393.png,false
render_9394.png,false
render_9395.png,true
render_9396.png,true
render_9397.png,false
render_9398.png,false
render_9399.png,false
render_9400.png,false
render_9401.png,false
render_9402.png,true
render_9403.png,false
render_9404.png,false
render_9405.png,false
render_9406.png,true
render_9407.png,false
render_9408.png,false
render_9409.png,false
render_9410.png,false
render_9411.png,true
render_9412.png,true
render_9413.png,true
render_9414.png,true
render_9415.png,false
render_9416.png,false
render_9417.png,false
render_9418.png,false
render_9419.png,false
render_9420.png,true
render_9421.png,true
render_9422.png,false
render_9423.png,false
render_9424.png,true
render_9425.png,true
render_9426.png,true
render_9427.png,true
render_9428.png,false
render_9429.png,true
render_9430.png,false
render_9431.png,true
render_9432.png,false
render_9433.png,false
render_9434.png,true
render_9435.png,false
render_9436.png,true
render_9437.png,true
render_9438.png,true
render_9439.png,true
render_9440.png,false
render_9441.png,false
render_9442.png,true
render_9443.png,true
render_9444.png,true
render_9445.png,true
render_9446.png,false
render_9447.png,false
render_9448.png,true
render_9449.png,true
render_9450.png,false
render_9451.png,false
render_9452.png,false
render_9453.png,false
render_9454.png,false
render_9455.png,true
render_9456.png,false
render_9457.png,false
render_9458.png,true
render_9459.png,false
render_9460.png,false
render_9461.png,false
render_9462.png,true
render_9463.png,false
render_9464.png,true
render_9465.png,true
render_9466.png,true
render_9467.png,true
render_9468.png,false
render_9469.png,true
render_9470.png,true
render_9471.png,true
render_9472.png,false
render_9473.png,false
render_9474.png,true
render_9475.png,true
render_9476.png,false
render_9477.png,false
render_9478.png,true
render_9479.png,true
render_9480.png,true
render_9481.png,false
render_9482.png,false
render_9483.png,false
render_9484.png,true
render_9485.png,false
render_9486.png,true
render_9487.png,false
render_9488.png,true
render_9489.png,false
render_9490.png,false
render_9491.png,true
render_9492.png,false
render_9493.png,true
render_9494.png,false
render_9495.png,true
render_9496.png,true
render_9497.png,true
render_9498.png,false
render_9499.png,false
render_9500.png,false
render_9501.png,true
render_9502.png,true
render_9503.png,false
render_9504.png,false
render_9505.png,true
render_9506.png,false
render_9507.png,false
render_9508.png,true
render_9509.png,true
render_9510.png,true
render_9511.png,false
render_9512.png,true
render_9513.png,true
render_9514.png,true
render_9515.png,true
render_9516.png,true
render_9517.png,false
render_9518.png,false
render_9519.png,true
render_9520.png,true
render_9521.png,false
render_9522.png,false
render_9523.png,false
render_9524.png,false
render_9525.png,false
render_9526.png,true
render_9527.png,true
render_9528.png,false
render_9529.png,false
render_9530.png,false
render_9531.png,false
render_9532.png,false
render_9533.png,true
render_9534.png,false
render_9535.png,false
render_9536.png,true
render_9537.png,false
render_9538.png,false
render_9539.png,true
render_9540.png,true
render_9541.png,true
render_9542.png,false
render_9543.png,false
render_9544.png,true
render_9545.png,false
render_9546.png,false
render_9547.png,false
render_9548.png,true
render_9549.png,false
render_9550.png,true
render_9551.png,false
render_9552.png,false
render_9553.png,true
render_9554.png,true
render_9555.png,false
render_9556.png,false
render_9557.png,false
render_9558.png,false
render_9559.png,false
render_9560.png,false
render_9561.png,false
render_9562.png,false
render_9563.png,false
render_9564.png,true
render_9565.png,false
render_9566.png,false
render_9567.png,true
render_9568.png,true
render_9569.png,true
render_9570.png,true
render_9571.png,false
render_9572.png,true
render_9573.png,true
render_9574.png,false
render_9575.png,true
render_9576.png,false
render_9577.png,false
render_9578.png,false
render_9579.png,true
render_9580.png,true
render_9581.png,true
render_9582.png,true
render_9583.png,true
render_9584.png,false
render_9585.png,false
render_9586.png,false
render_9587.png,true
render_9588.png,true
render_9589.png,false
render_9590.png,false
render_9591.png,true
render_9592.png,true
render_9593.png,false
render_9594.png,true
render_9595.png,false
render_9596.png,true
render_9597.png,false
render_9598.png,true
render_9599.png,true
render_9600.png,false
render_9601.png,false
render_9602.png,true
render_9603.png,false
render_9604.png,false
render_9605.png,false
render_9606.png,false
render_9607.png,true
render_9608.png,true
render_9609.png,false
render_9610.png,false
render_9611.png,false
render_9612.png,true
render_9613.png,false
render_9614.png,false
render_9615.png,true
render_9616.png,false
render_9617.png,false
render_9618.png,false
render_9619.png,false
render_9620.png,false
render_9621.png,true
render_9622.png,false
render_9623.png,false
render_9624.png,true
render_9625.png,false
render_9626.png,false
render_9627.png,true
render_9628.png,true
render_9629.png,true
render_9630.png,false
render_9631.png,true
render_9632.png,false
render_9633.png,false
render_9634.png,false
render_9635.png,false
render_9636.png,false
render_9637.png,true
render_9638.png,false
render_9639.png,false
render_9640.png,false
render_9641.png,true
render_9642.png,true
render_9643.png,true
render_9644.png,false
render_9645.png,false
render_9646.png,true
render_9647.png,true
render_9648.png,false
render_9649.png,true
render_9650.png,true
render_9651.png,false
render_9652.png,true
render_9653.png,false
render_9654.png,true
render_9655.png,true
render_9656.png,true
render_9657.png,false
render_9658.png,true
render_9659.png,true
render_9660.png,true
render_9661.png,false
render_9662.png,false
render_9663.png,false
render_9664.png,true
render_9665.png,true
render_9666.png,false
render_9667.png,false
render_9668.png,true
render_9669.png,true
render_9670.png,true
render_9671.png,false
render_9672.png,false
render_9673.png,false
render_9674.png,false
render_9675.png,true
render_9676.png,false
render_9677.png,false
render_9678.png,true
render_9679.png,false
render_9680.png,true
render_9681.png,true
render_9682.png,true
render_9683.png,false
render_9684.png,false
render_9685.png,true
render_9686.png,true
render_9687.png,true
render_9688.png,true
render_9689.png,true
render_9690.png,false
render_9691.png,true
render_9692.png,false
render_9693.png,false
render_9694.png,true
render_9695.png,false
render_9696.png,true
render_9697.png,false
render_9698.png,true
render_9699.png,true
render_9700.png,true
render_9701.png,false
render_9702.png,false
render_9703.png,true
render_9704.png,true
render_9705.png,true
render_9706.png,true
render_9707.png,true
render_9708.png,false
render_9709.png,true
render_9710.png,false
render_9711.png,false
render_9712.png,true
render_9713.png,true
render_9714.png,true
render_9715.png,false
render_9716.png,true
render_9717.png,false
render_9718.png,false
render_9719.png,true
render_9720.png,false
render_9721.png,true
render_9722.png,true
render_9723.png,false
render_9724.png,true
render_9725.png,false
render_9726.png,false
render_9727.png,true
render_9728.png,false
render_9729.png,false
render_9730.png,false
render_9731.png,true
render_9732.png,true
render_9733.png,true
render_9734.png,false
render_9735.png,true
render_9736.png,true
render_9737.png,false
render_9738.png,true
render_9739.png,true
render_9740.png,true
render_9741.png,true
render_9742.png,false
render_9743.png,false
render_9744.png,false
render_9745.png,true
render_9746.png,true
render_9747.png,false
render_9748.png,false
render_9749.png,true
render_9750.png,true
render_9751.png,false
render_9752.png,true
render_9753.png,false
render_9754.png,false
render_9755.png,true
render_9756.png,true
render_9757.png,true
render_9758.png,false
render_9759.png,false
render_9760.png,false
render_9761.png,true
render_9762.png,false
render_9763.png,false
render_9764.png,false
render_9765.png,false
render_9766.png,true
render_9767.png,true
render_9768.png,false
render_9769.png,false
render_9770.png,false
render_9771.png,true
render_9772.png,false
render_9773.png,true
render_9774.png,false
render_9775.png,false
render_9776.png,true
render_9777.png,true
render_9778.png,false
render_9779.png,true
render_9780.png,true
render_9781.png,false
render_9782.png,false
render_9783.png,false
render_9784.png,false
render_9785.png,true
render_9786.png,true
render_9787.png,true
render_9788.png,true
render_9789.png,true
render_9790.png,true
render_9791.png,false
render_9792.png,false
render_9793.png,true
render_9794.png,true
render_9795.png,true
render_9796.png,false
render_9797.png,false
render_9798.png,true
render_9799.png,false
render_9800.png,true
render_9801.png,false
render_9802.png,false
render_9803.png,true
render_9804.png,false
render_9805.png,false
render_9806.png,false
render_9807.png,false
render_9808.png,false
render_9809.png,false
render_9810.png,true
render_9811.png,false
render_9812.png,true
render_9813.png,true
render_9814.png,true
render_9815.png,true
render_9816.png,true
render_9817.png,false
render_9818.png,false
render_9819.png,true
render_9820.png,false
render_9821.png,true
render_9822.png,false
render_9823.png,false
render_9824.png,true
render_9825.png,false
render_9826.png,true
render_9827.png,false
render_9828.png,false
render_9829.png,false
render_9830.png,true
render_9831.png,true
render_9832.png,true
render_9833.png,true
render_9834.png,true
render_9835.png,false
render_9836.png,true
render_9837.png,false
render_9838.png,true
render_9839.png,true
render_9840.png,true
render_9841.png,true
render_9842.png,false
render_9843.png,true
render_9844.png,false
render_9845.png,false
render_9846.png,true
render_9847.png,false
render_9848.png,false
render_9849.png,false
render_9850.png,true
render_9851.png,true
render_9852.png,false
render_9853.png,true
render_9854.png,false
render_9855.png,true
render_9856.png,true
render_9857.png,true
render_9858.png,true
render_9859.png,true
render_9860.png,true
render_9861.png,true
render_9862.png,false
render_9863.png,true
render_9864.png,true
render_9865.png,true
render_9866.png,false
render_9867.png,false
render_9868.png,false
render_9869.png,false
render_9870.png,true
render_9871.png,false
render_9872.png,true
render_9873.png,false
render_9874.png,true
render_9875.png,true
render_9876.png,false
render_9877.png,false
render_9878.png,true
render_9879.png,false
render_9880.png,true
render_9881.png,false
render_9882.png,true
render_9883.png,true
render_9884.png,false
render_9885.png,false
render_9886.png,false
render_9887.png,false
render_9888.png,false
render_9889.png,true
render_9890.png,false
render_9891.png,true
render_9892.png,true
render_9893.png,false
render_9894.png,false
render_9895.png,false
render_9896.png,true
render_9897.png,true
render_9898.png,false
render_9899.png,true
render_9900.png,true
render_9901.png,true
render_9902.png,false
render_9903.png,false
render_9904.png,true
render_9905.png,true
render_9906.png,true
render_9907.png,false
render_9908.png,true
render_9909.png,false
render_9910.png,false
render_9911.png,false
render_9912.png,true
render_9913.png,false
render_9914.png,true
render_9915.png,true
render_9916.png,true
render_9917.png,true
render_9918.png,false
render_9919.png,true
render_9920.png,false
render_9921.png,true
render_9922.png,true
render_9923.png,false
render_9924.png,false
render_9925.png,true
render_9926.png,true
render_9927.png,true
render_9928.png,false
render_9929.png,false
render_9930.png,false
render_9931.png,false
render_9932.png,true
render_9933.png,true
render_9934.png,false
render_9935.png,true
render_9936.png,true
render_9937.png,false
render_9938.png,false
render_9939.png,true
render_9940.png,true
render_9941.png,true
render_9942.png,true
render_9943.png,false
render_9944.png,true
render_9945.png,false
render_9946.png,false
render_9947.png,false
render_9948.png,true
render_9949.png,false
render_9950.png,false
render_9951.png,false
render_9952.png,false
render_9953.png,false
render_9954.png,true
render_9955.png,false
render_9956.png,false
render_9957.png,true
render_9958.png,false
render_9959.png,true
render_9960.png,true
render_9961.png,true
render_9962.png,false
render_9963.png,true
render_9964.png,true
render_9965.png,true
render_9966.png,true
render_9967.png,true
render_9968.png,true
render_9969.png,true
render_9970.png,true
render_9971.png,true
render_9972.png,true
render_9973.png,true
render_9974.png,true
render_9975.png,true
render_9976.png,true
render_9977.png,true
render_9978.png,false
render_9979.png,true
render_9980.png,true
render_9981.png,false
render_9982.png,true
render_9983.png,true
render_9984.png,true
render_9985.png,false
render_9986.png,false
render_9987.png,true
render_9988.png,true
render_9989.png,false
render_9990.png,true
render_9991.png,false
render_9992.png,false
render_9993.png,false
render_9994.png,false
render_9995.png,false
render_9996.png,false
render_9997.png,false
render_9998.png,false
render_9999.png,true
render_10000.png,true
render_10001.png,false
render_10002.png,false
render_10003.png,false
render_10004.png,false
render_10005.png,false
render_10006.png,true
render_10007.png,false
render_10008.png,false
render_10009.png,true
render_10010.png,false
render_10011.png,true
render_10012.png,false
render_10013.png,true
render_10014.png,false
render_10015.png,true
render_10016.png,false
render_10017.png,false
render_10018.png,true
render_10019.png,true
render_10020.png,true
render_10021.png,false
render_10022.png,true
render_10023.png,true
render_10024.png,true
render_10025.png,false
render_10026.png,true
render_10027.png,false
render_10028.png,true
render_10029.png,false
render_10030.png,false
render_10031.png,true
render_10032.png,true
render_10033.png,true
render_10034.png,false
render_10035.png,false
render_10036.png,true
render_10037.png,true
render_10038.png,false
render_10039.png,false
render_10040.png,false
render_10041.png,false
render_10042.png,true
render_10043.png,true
render_10044.png,true
render_10045.png,false
render_10046.png,true
render_10047.png,false
render_10048.png,false
render_10049.png,false
render_10050.png,false
render_10051.png,true
render_10052.png,true
render_10053.png,false
render_10054.png,true
render_10055.png,false
render_10056.png,true
render_10057.png,true
render_10058.png,true
render_10059.png,true
render_10060.png,false
render_10061.png,true
render_10062.png,false
render_10063.png,false
render_10064.png,true
render_10065.png,false
render_10066.png,true
render_10067.png,true
render_10068.png,true
render_10069.png,false
render_10070.png,true
render_10071.png,true
render_10072.png,true
render_10073.png,false
render_10074.png,true
render_10075.png,false
render_10076.png,false
render_10077.png,true
render_10078.png,true
render_10079.png,true
render_10080.png,true
render_10081.png,true
render_10082.png,true
render_10083.png,false
render_10084.png,true
render_10085.png,true
render_10086.png,true
render_10087.png,false
render_10088.png,true
render_10089.png,true
render_10090.png,false
render_10091.png,false
render_10092.png,true
render_10093.png,false
render_10094.png,true
render_10095.png,false
render_10096.png,true
render_10097.png,false
render_10098.png,true
render_10099.png,true
render_10100.png,true
render_10101.png,false
render_10102.png,true
render_10103.png,false
render_10104.png,true
render_10105.png,false
render_10106.png,false
render_10107.png,false
render_10108.png,true
render_10109.png,false
render_10110.png,true
render_10111.png,true
render_10112.png,true
render_10113.png,false
render_10114.png,true
render_10115.png,false
render_10116.png,false
render_10117.png,true
render_10118.png,true
render_10119.png,true
render_10120.png,true
render_10121.png,true
render_10122.png,false
render_10123.png,true
render_10124.png,true
render_10125.png,true
render_10126.png,false
render_10127.png,true
render_10128.png,false
render_10129.png,true
render_10130.png,true
render_10131.png,true
render_10132.png,true
render_10133.png,false
render_10134.png,true
render_10135.png,true
render_10136.png,false
render_10137.png,true
render_10138.png,false
render_10139.png,false
render_10140.png,false
render_10141.png,true
render_10142.png,true
render_10143.png,false
render_10144.png,true
render_10145.png,false
render_10146.png,false
render_10147.png,false
render_10148.png,true
render_10149.png,true
render_10150.png,true
render_10151.png,false
render_10152.png,true
render_10153.png,false
render_10154.png,false
render_10155.png,true
render_10156.png,true
render_10157.png,false
render_10158.png,true
render_10159.png,false
render_10160.png,true
render_10161.png,false
render_10162.png,false
render_10163.png,false
render_10164.png,false
render_10165.png,false
render_10166.png,true
render_10167.png,true
render_10168.png,false
render_10169.png,true
render_10170.png,false
render_10171.png,false
render_10172.png,true
render_10173.png,true
render_10174.png,false
render_10175.png,true
render_10176.png,false
render_10177.png,true
render_10178.png,false
render_10179.png,false
render_10180.png,false
render_10181.png,false
render_10182.png,true
render_10183.png,true
render_10184.png,false
render_10185.png,true
render_10186.png,true
render_10187.png,false
render_10188.png,true
render_10189.png,true
render_10190.png,false
render_10191.png,false
render_10192.png,true
render_10193.png,true
render_10194.png,true
render_10195.png,false
render_10196.png,false
render_10197.png,false
render_10198.png,false
render_10199.png,false
render_10200.png,true
render_10201.png,false
render_10202.png,false
render_10203.png,true
render_10204.png,true
render_10205.png,true
render_10206.png,false
render_10207.png,true
render_10208.png,false
render_10209.png,false
render_10210.png,false
render_10211.png,true
render_10212.png,false
render_10213.png,false
render_10214.png,true
render_10215.png,false
render_10216.png,false
render_10217.png,false
render_10218.png,false
render_10219.png,false
render_10220.png,true
render_10221.png,true
render_10222.png,true
render_10223.png,false
render_10224.png,true
render_10225.png,false
render_10226.png,false
render_10227.png,true
render_10228.png,true
render_10229.png,false
render_10230.png,false
render_10231.png,true
render_10232.png,false
render_10233.png,false
render_10234.png,false
render_10235.png,false
render_10236.png,false
render_10237.png,true
render_10238.png,true
render_10239.png,true
render_10240.png,true
render_10241.png,false
render_10242.png,false
render_10243.png,false
render_10244.png,true
render_10245.png,false
render_10246.png,false
render_10247.png,false
render_10248.png,false
render_10249.png,true
render_10250.png,false
render_10251.png,true
render_10252.png,true
render_10253.png,true
render_10254.png,true
render_10255.png,true
render_10256.png,true
render_10257.png,true
render_10258.png,true
render_10259.png,true
render_10260.png,true
render_10261.png,true
render_10262.png,false
render_10263.png,true
render_10264.png,false
render_10265.png,false
render_10266.png,true
render_10267.png,false
render_10268.png,false
render_10269.png,false
render_10270.png,true
render_10271.png,false
render_10272.png,false
render_10273.png,false
render_10274.png,true
render_10275.png,false
render_10276.png,false
render_10277.png,true
render_10278.png,true
render_10279.png,false
render_10280.png,false
render_10281.png,true
render_10282.png,false
render_10283.png,false
render_10284.png,false
render_10285.png,true
render_10286.png,false
render_10287.png,true
render_10288.png,true
render_10289.png,true
render_10290.png,false
render_10291.png,true
render_10292.png,false
render_10293.png,true
render_10294.png,false
render_10295.png,false
render_10296.png,true
render_10297.png,true
render_10298.png,false
render_10299.png,false
render_10300.png,true
render_10301.png,true
render_10302.png,true
render_10303.png,true
render_10304.png,true
render_10305.png,true
render_10306.png,false
render_10307.png,true
render_10308.png,true
render_10309.png,false
render_10310.png,true
render_10311.png,true
render_10312.png,false
render_10313.png,true
render_10314.png,true
render_10315.png,true
render_10316.png,false
render_10317.png,false
render_10318.png,true
render_10319.png,false
render_10320.png,true
render_10321.png,false
render_10322.png,true
render_10323.png,true
render_10324.png,true
render_10325.png,false
render_10326.png,false
render_10327.png,false
render_10328.png,true
render_10329.png,false
render_10330.png,true
render_10331.png,true
render_10332.png,true
render_10333.png,true
render_10334.png,false
render_10335.png,false
render_10336.png,true
render_10337.png,true
render_10338.png,true
render_10339.png,true
render_10340.png,false
render_10341.png,false
render_10342.png,false
render_10343.png,true
render_10344.png,false
render_10345.png,true
render_10346.png,false
render_10347.png,true
render_10348.png,false
render_10349.png,true
render_10350.png,false
render_10351.png,false
render_10352.png,true
render_10353.png,true
render_10354.png,true
render_10355.png,false
render_10356.png,false
render_10357.png,false
render_10358.png,true
render_10359.png,true
render_10360.png,true
render_10361.png,true
render_10362.png,true
render_10363.png,false
render_10364.png,true
render_10365.png,true
render_10366.png,false
render_10367.png,true
render_10368.png,true
render_10369.png,false
render_10370.png,true
render_10371.png,true
render_10372.png,false
render_10373.png,true
render_10374.png,false
render_10375.png,false
render_10376.png,false
render_10377.png,false
render_10378.png,false
render_10379.png,false
render_10380.png,true
render_10381.png,false
render_10382.png,true
render_10383.png,false
render_10384.png,true
render_10385.png,true
render_10386.png,false
render_10387.png,false
render_10388.png,false
render_10389.png,false
render_10390.png,true
render_10391.png,false
render_10392.png,true
render_10393.png,false
render_10394.png,false
render_10395.png,true
render_10396.png,true
render_10397.png,false
render_10398.png,false
render_10399.png,false
render_10400.png,true
render_10401.png,true
render_10402.png,true
render_10403.png,true
render_10404.png,false
render_10405.png,true
render_10406.png,false
render_10407.png,false
render_10408.png,false
render_10409.png,false
render_10410.png,false
render_10411.png,false
render_10412.png,false
render_10413.png,false
render_10414.png,false
render_10415.png,true
render_10416.png,false
render_10417.png,false
render_10418.png,true
render_10419.png,true
render_10420.png,false
render_10421.png,true
render_10422.png,true
render_10423.png,true
render_10424.png,true
render_10425.png,false
render_10426.png,true
render_10427.png,false
render_10428.png,false
render_10429.png,true
render_10430.png,false
render_10431.png,true
render_10432.png,true
render_10433.png,false
render_10434.png,false
render_10435.png,true
render_10436.png,false
render_10437.png,false
render_10438.png,false
render_10439.png,true
render_10440.png,true
render_10441.png,false
render_10442.png,false
render_10443.png,false
render_10444.png,true
render_10445.png,false
render_10446.png,false
render_10447.png,false
render_10448.png,true
render_10449.png,true
render_10450.png,true
render_10451.png,true
render_10452.png,true
render_10453.png,true
render_10454.png,true
render_10455.png,false
render_10456.png,false
render_10457.png,false
render_10458.png,true
render_10459.png,false
render_10460.png,false
render_10461.png,true
render_10462.png,true
render_10463.png,true
render_10464.png,true
render_10465.png,true
render_10466.png,false
render_10467.png,false
render_10468.png,false
render_10469.png,true
render_10470.png,false
render_10471.png,false
render_10472.png,true
render_10473.png,true
render_10474.png,true
render_10475.png,false
render_10476.png,false
render_10477.png,true
render_10478.png,true
render_10479.png,true
render_10480.png,false
render_10481.png,false
render_10482.png,false
render_10483.png,true
render_10484.png,false
render_10485.png,true
render_10486.png,false
render_10487.png,true
render_10488.png,false
render_10489.png,false
render_10490.png,true
render_10491.png,true
render_10492.png,false
render_10493.png,true
render_10494.png,true
render_10495.png,true
render_10496.png,true
render_10497.png,true
render_10498.png,false
render_10499.png,true
render_10500.png,true
render_10501.png,true
render_10502.png,false
render_10503.png,true
render_10504.png,true
render_10505.png,true
render_10506.png,true
render_10507.png,false
render_10508.png,true
render_10509.png,false
render_10510.png,false
render_10511.png,true
render_10512.png,true
render_10513.png,false
render_10514.png,true
render_10515.png,true
render_10516.png,true
render_10517.png,false
render_10518.png,false
render_10519.png,false
render_10520.png,true
render_10521.png,false
render_10522.png,true
render_10523.png,false
render_10524.png,false
render_10525.png,true
render_10526.png,false
render_10527.png,true
render_10528.png,false
render_10529.png,false
render_10530.png,false
render_10531.png,false
render_10532.png,true
render_10533.png,false
render_10534.png,false
render_10535.png,false
render_10536.png,true
render_10537.png,true
render_10538.png,false
render_10539.png,true
render_10540.png,true
render_10541.png,false
render_10542.png,false
render_10543.png,true
render_10544.png,true
render_10545.png,true
render_10546.png,false
render_10547.png,false
render_10548.png,true
render_10549.png,false
render_10550.png,true
render_10551.png,true
render_10552.png,true
render_10553.png,false
render_10554.png,false
render_10555.png,true
render_10556.png,false
render_10557.png,false
render_10558.png,true
render_10559.png,true
render_10560.png,true
render_10561.png,true
render_10562.png,false
render_10563.png,false
render_10564.png,true
render_10565.png,true
render_10566.png,true
render_10567.png,false
render_10568.png,false
render_10569.png,true
render_10570.png,true
render_10571.png,false
render_10572.png,false
render_10573.png,false
render_10574.png,false
render_10575.png,false
render_10576.png,false
render_10577.png,false
render_10578.png,true
render_10579.png,true
render_10580.png,false
render_10581.png,true
render_10582.png,false
render_10583.png,true
render_10584.png,true
render_10585.png,true
render_10586.png,true
render_10587.png,true
render_10588.png,false
render_10589.png,true
render_10590.png,true
render_10591.png,false
render_10592.png,true
render_10593.png,false
render_10594.png,false
render_10595.png,true
render_10596.png,true
render_10597.png,false
render_10598.png,false
render_10599.png,false
render_10600.png,false
render_10601.png,true
render_10602.png,true
render_10603.png,false
render_10604.png,true
render_10605.png,true
render_10606.png,true
render_10607.png,false
render_10608.png,false
render_10609.png,false
render_10610.png,false
render_10611.png,false
render_10612.png,false
render_10613.png,false
render_10614.png,false
render_10615.png,true
render_10616.png,true
render_10617.png,false
render_10618.png,true
render_10619.png,true
render_10620.png,false
render_10621.png,true
render_10622.png,true
render_10623.png,true
render_10624.png,true
render_10625.png,true
render_10626.png,false
render_10627.png,true
render_10628.png,false
render_10629.png,true
render_10630.png,false
render_10631.png,false
render_10632.png,true
render_10633.png,true
render_10634.png,false
render_10635.png,true
render_10636.png,false
render_10637.png,false
render_10638.png,false
render_10639.png,true
render_10640.png,false
render_10641.png,false
render_10642.png,true
render_10643.png,true
render_10644.png,true
render_10645.png,false
render_10646.png,false
render_10647.png,true
render_10648.png,false
render_10649.png,true
render_10650.png,false
render_10651.png,false
render_10652.png,false
render_10653.png,false
render_10654.png,true
render_10655.png,false
render_10656.png,true
render_10657.png,true
render_10658.png,false
render_10659.png,false
render_10660.png,false
render_10661.png,false
render_10662.png,false
render_10663.png,true
render_10664.png,false
render_10665.png,false
render_10666.png,false
render_10667.png,false
render_10668.png,true
render_10669.png,true
render_10670.png,false
render_10671.png,false
render_10672.png,true
render_10673.png,true
render_10674.png,false
render_10675.png,true
render_10676.png,true
render_10677.png,false
render_10678.png,true
render_10679.png,false
render_10680.png,true
render_10681.png,true
render_10682.png,true
render_10683.png,true
render_10684.png,true
render_10685.png,false
render_10686.png,true
render_10687.png,false
render_10688.png,true
render_10689.png,true
render_10690.png,false
render_10691.png,true
render_10692.png,false
render_10693.png,true
render_10694.png,true
render_10695.png,true
render_10696.png,true
render_10697.png,false
render_10698.png,false
render_10699.png,false
render_10700.png,false
render_10701.png,false
render_10702.png,true
render_10703.png,false
render_10704.png,true
render_10705.png,true
render_10706.png,true
render_10707.png,true
render_10708.png,true
render_10709.png,true
render_10710.png,false
render_10711.png,false
render_10712.png,true
render_10713.png,false
render_10714.png,true
render_10715.png,false
render_10716.png,false
render_10717.png,false
render_10718.png,false
render_10719.png,false
render_10720.png,true
render_10721.png,false
render_10722.png,false
render_10723.png,true
render_10724.png,true
render_10725.png,true
render_10726.png,false
render_10727.png,false
render_10728.png,true
render_10729.png,false
render_10730.png,true
render_10731.png,false
render_10732.png,true
render_10733.png,true
render_10734.png,false
render_10735.png,true
render_10736.png,false
render_10737.png,false
render_10738.png,false
render_10739.png,false
render_10740.png,false
render_10741.png,false
render_10742.png,true
render_10743.png,false
render_10744.png,true
render_10745.png,true
render_10746.png,false
render_10747.png,true
render_10748.png,true
render_10749.png,true
render_10750.png,true
render_10751.png,false
render_10752.png,true
render_10753.png,false
render_10754.png,true
render_10755.png,false
render_10756.png,true
render_10757.png,false
render_10758.png,true
render_10759.png,true
render_10760.png,false
render_10761.png,false
render_10762.png,false
render_10763.png,false
render_10764.png,false
render_10765.png,true
render_10766.png,false
render_10767.png,true
render_10768.png,true
render_10769.png,true
render_10770.png,true
render_10771.png,true
render_10772.png,false
render_10773.png,true
render_10774.png,true
render_10775.png,true
render_10776.png,false
render_10777.png,false
render_10778.png,true
render_10779.png,false
render_10780.png,false
render_10781.png,true
render_10782.png,true
render_10783.png,false
render_10784.png,true
render_10785.png,true
render_10786.png,false
render_10787.png,true
render_10788.png,true
render_10789.png,false
render_10790.png,true
render_10791.png,true
render_10792.png,true
render_10793.png,true
render_10794.png,false
render_10795.png,true
render_10796.png,false
render_10797.png,false
render_10798.png,false
render_10799.png,true
render_10800.png,false
render_10801.png,false
render_10802.png,false
render_10803.png,true
render_10804.png,false
render_10805.png,false
render_10806.png,true
render_10807.png,true
render_10808.png,true
render_10809.png,true
render_10810.png,true
render_10811.png,true
render_10812.png,false
render_10813.png,false
render_10814.png,false
render_10815.png,false
render_10816.png,false
render_10817.png,true
render_10818.png,false
render_10819.png,true
render_10820.png,true
render_10821.png,true
render_10822.png,false
render_10823.png,true
render_10824.png,true
render_10825.png,true
render_10826.png,true
render_10827.png,false
render_10828.png,false
render_10829.png,false
render_10830.png,true
render_10831.png,false
render_10832.png,true
render_10833.png,false
render_10834.png,true
render_10835.png,false
render_10836.png,true
render_10837.png,true
render_10838.png,true
render_10839.png,true
render_10840.png,true
render_10841.png,false
render_10842.png,false
render_10843.png,false
render_10844.png,false
render_10845.png,false
render_10846.png,true
render_10847.png,true
render_10848.png,false
render_10849.png,false
render_10850.png,false
render_10851.png,true
render_10852.png,false
render_10853.png,false
render_10854.png,true
render_10855.png,false
render_10856.png,false
render_10857.png,true
render_10858.png,false
render_10859.png,false
render_10860.png,false
render_10861.png,false
render_10862.png,true
render_10863.png,true
render_10864.png,true
render_10865.png,false
render_10866.png,false
render_10867.png,true
render_10868.png,true
render_10869.png,true
render_10870.png,false
render_10871.png,false
render_10872.png,false
render_10873.png,false
render_10874.png,false
render_10875.png,true
render_10876.png,true
render_10877.png,false
render_10878.png,true
render_10879.png,true
render_10880.png,true
render_10881.png,true
render_10882.png,false
render_10883.png,false
render_10884.png,false
render_10885.png,false
render_10886.png,false
render_10887.png,true
render_10888.png,true
render_10889.png,true
render_10890.png,false
render_10891.png,false
render_10892.png,true
render_10893.png,true
render_10894.png,false
render_10895.png,true
render_10896.png,true
render_10897.png,false
render_10898.png,false
render_10899.png,true
render_10900.png,true
render_10901.png,false
render_10902.png,true
render_10903.png,false
render_10904.png,true
render_10905.png,true
render_10906.png,false
render_10907.png,true
render_10908.png,true
render_10909.png,true
render_10910.png,false
render_10911.png,true
render_10912.png,true
render_10913.png,true
render_10914.png,false
render_10915.png,true
render_10916.png,true
render_10917.png,true
render_10918.png,true
render_10919.png,true
render_10920.png,false
render_10921.png,true
render_10922.png,false
render_10923.png,false
render_10924.png,false
render_10925.png,true
render_10926.png,true
render_10927.png,true
render_10928.png,true
render_10929.png,true
render_10930.png,false
render_10931.png,false
render_10932.png,false
render_10933.png,true
render_10934.png,true
render_10935.png,false
render_10936.png,true
render_10937.png,true
render_10938.png,true
render_10939.png,false
render_10940.png,true
render_10941.png,false
render_10942.png,false
render_10943.png,false
render_10944.png,true
render_10945.png,false
render_10946.png,true
render_10947.png,false
render_10948.png,false
render_10949.png,false
render_10950.png,false
render_10951.png,true
render_10952.png,true
render_10953.png,true
render_10954.png,false
render_10955.png,true
render_10956.png,false
render_10957.png,false
render_10958.png,true
render_10959.png,false
render_10960.png,false
render_10961.png,true
render_10962.png,true
render_10963.png,true
render_10964.png,false
render_10965.png,false
render_10966.png,true
render_10967.png,true
render_10968.png,false
render_10969.png,true
render_10970.png,false
render_10971.png,false
render_10972.png,false
render_10973.png,false
render_10974.png,false
render_10975.png,true
render_10976.png,false
render_10977.png,true
render_10978.png,true
render_10979.png,false
render_10980.png,true
render_10981.png,false
render_10982.png,false
render_10983.png,false
render_10984.png,false
render_10985.png,false
render_10986.png,false
render_10987.png,false
render_10988.png,true
render_10989.png,false
render_10990.png,true
render_10991.png,false
render_10992.png,true
render_10993.png,false
render_10994.png,false
render_10995.png,true
render_10996.png,true
render_10997.png,false
render_10998.png,true
render_10999.png,false
render_11000.png,true
render_11001.png,true
render_11002.png,true
render_11003.png,false
render_11004.png,false
render_11005.png,false
render_11006.png,false
render_11007.png,false
render_11008.png,true
render_11009.png,true
render_11010.png,true
render_11011.png,false
render_11012.png,false
render_11013.png,true
render_11014.png,true
render_11015.png,false
render_11016.png,false
render_11017.png,false
render_11018.png,true
render_11019.png,false
render_11020.png,true
render_11021.png,true
render_11022.png,false
render_11023.png,true
render_11024.png,false
render_11025.png,true
render_11026.png,true
render_11027.png,true
render_11028.png,true
render_11029.png,true
render_11030.png,true
render_11031.png,false
render_11032.png,true
render_11033.png,false
render_11034.png,false
render_11035.png,true
render_11036.png,false
render_11037.png,true
render_11038.png,true
render_11039.png,false
render_11040.png,true
render_11041.png,true
render_11042.png,true
render_11043.png,false
render_11044.png,false
render_11045.png,true
render_11046.png,true
render_11047.png,false
render_11048.png,true
render_11049.png,false
render_11050.png,false
render_11051.png,true
render_11052.png,false
render_11053.png,true
render_11054.png,false
render_11055.png,true
render_11056.png,false
render_11057.png,false
render_11058.png,false
render_11059.png,true
render_11060.png,true
render_11061.png,false
render_11062.png,false
render_11063.png,true
render_11064.png,true
render_11065.png,true
render_11066.png,false
render_11067.png,false
render_11068.png,false
render_11069.png,true
render_11070.png,false
render_11071.png,true
render_11072.png,false
render_11073.png,false
render_11074.png,false
render_11075.png,false
render_11076.png,false
render_11077.png,false
render_11078.png,true
render_11079.png,false
render_11080.png,false
render_11081.png,true
render_11082.png,false
render_11083.png,false
render_11084.png,false
render_11085.png,true
render_11086.png,true
render_11087.png,true
render_11088.png,false
render_11089.png,false
render_11090.png,true
render_11091.png,true
render_11092.png,true
render_11093.png,true
render_11094.png,true
render_11095.png,false
render_11096.png,true
render_11097.png,true
render_11098.png,false
render_11099.png,true
render_11100.png,false
render_11101.png,true
render_11102.png,false
render_11103.png,false
render_11104.png,true
render_11105.png,false
render_11106.png,false
render_11107.png,false
render_11108.png,true
render_11109.png,false
render_11110.png,true
render_11111.png,false
render_11112.png,false
render_11113.png,false
render_11114.png,true
render_11115.png,false
render_11116.png,true
render_11117.png,true
render_11118.png,false
render_11119.png,false
render_11120.png,false
render_11121.png,false
render_11122.png,true
render_11123.png,true
render_11124.png,false
render_11125.png,false
render_11126.png,true
render_11127.png,true
render_11128.png,false
render_11129.png,true
render_11130.png,true
render_11131.png,false
render_11132.png,true
render_11133.png,true
render_11134.png,true
render_11135.png,true
render_11136.png,false
render_11137.png,true
render_11138.png,false
render_11139.png,true
render_11140.png,false
render_11141.png,true
render_11142.png,false
render_11143.png,false
render_11144.png,false
render_11145.png,false
render_11146.png,false
render_11147.png,false
render_11148.png,false
render_11149.png,false
render_11150.png,false
render_11151.png,true
render_11152.png,true
render_11153.png,false
render_11154.png,false
render_11155.png,false
render_11156.png,false
render_11157.png,false
render_11158.png,false
render_11159.png,false
render_11160.png,false
render_11161.png,true
render_11162.png,true
render_11163.png,false
render_11164.png,false
render_11165.png,true
render_11166.png,false
render_11167.png,false
render_11168.png,false
render_11169.png,true
render_11170.png,false
render_11171.png,true
render_11172.png,true
render_11173.png,false
render_11174.png,true
render_11175.png,false
render_11176.png,true
render_11177.png,false
render_11178.png,false
render_11179.png,false
render_11180.png,true
render_11181.png,false
render_11182.png,true
render_11183.png,false
render_11184.png,true
render_11185.png,false
render_11186.png,false
render_11187.png,false
render_11188.png,true
render_11189.png,true
render_11190.png,false
render_11191.png,true
render_11192.png,true
render_11193.png,false
render_11194.png,true
render_11195.png,true
render_11196.png,true
render_11197.png,true
render_11198.png,true
render_11199.png,false
render_11200.png,true
render_11201.png,true
render_11202.png,false
render_11203.png,true
render_11204.png,true
render_11205.png,false
render_11206.png,false
render_11207.png,true
render_11208.png,true
render_11209.png,false
render_11210.png,true
render_11211.png,true
render_11212.png,false
render_11213.png,true
render_11214.png,false
render_11215.png,true
render_11216.png,false
render_11217.png,true
render_11218.png,true
render_11219.png,true
render_11220.png,false
render_11221.png,false
render_11222.png,false
render_11223.png,true
render_11224.png,true
render_11225.png,false
render_11226.png,false
render_11227.png,false
render_11228.png,false
render_11229.png,false
render_11230.png,true
render_11231.png,true
render_11232.png,true
render_11233.png,false
render_11234.png,false
render_11235.png,false
render_11236.png,false
render_11237.png,false
render_11238.png,false
render_11239.png,true
render_11240.png,true
render_11241.png,false
render_11242.png,true
render_11243.png,false
render_11244.png,true
render_11245.png,false
render_11246.png,true
render_11247.png,true
render_11248.png,false
render_11249.png,false
render_11250.png,true
render_11251.png,false
render_11252.png,true
render_11253.png,true
render_11254.png,false
render_11255.png,false
render_11256.png,true
render_11257.png,false
render_11258.png,false
render_11259.png,false
render_11260.png,false
render_11261.png,true
render_11262.png,true
render_11263.png,true
render_11264.png,true
render_11265.png,true
render_11266.png,true
render_11267.png,true
render_11268.png,true
render_11269.png,true
render_11270.png,false
render_11271.png,false
render_11272.png,false
render_11273.png,false
render_11274.png,false
render_11275.png,true
render_11276.png,true
render_11277.png,true
render_11278.png,false
render_11279.png,false
render_11280.png,false
render_11281.png,true
render_11282.png,false
render_11283.png,true
render_11284.png,true
render_11285.png,true
render_11286.png,true
render_11287.png,false
render_11288.png,true
render_11289.png,true
render_11290.png,false
render_11291.png,false
render_11292.png,true
render_11293.png,true
render_11294.png,false
render_11295.png,false
render_11296.png,true
render_11297.png,true
render_11298.png,true
render_11299.png,false
render_11300.png,false
render_11301.png,true
render_11302.png,true
render_11303.png,false
render_11304.png,true
render_11305.png,false
render_11306.png,false
render_11307.png,false
render_11308.png,true
render_11309.png,false
render_11310.png,true
render_11311.png,false
render_11312.png,false
render_11313.png,true
render_11314.png,true
render_11315.png,false
render_11316.png,false
render_11317.png,true
render_11318.png,true
render_11319.png,true
render_11320.png,true
render_11321.png,false
render_11322.png,false
render_11323.png,true
render_11324.png,false
render_11325.png,true
render_11326.png,true
render_11327.png,true
render_11328.png,false
render_11329.png,true
render_11330.png,false
render_11331.png,true
render_11332.png,false
render_11333.png,true
render_11334.png,false
render_11335.png,false
render_11336.png,false
render_11337.png,true
render_11338.png,true
render_11339.png,true
render_11340.png,true
render_11341.png,true
render_11342.png,true
render_11343.png,true
render_11344.png,false
render_11345.png,true
render_11346.png,false
render_11347.png,false
render_11348.png,false
render_11349.png,true
render_11350.png,false
render_11351.png,true
render_11352.png,false
render_11353.png,true
render_11354.png,false
render_11355.png,true
render_11356.png,true
render_11357.png,false
render_11358.png,false
render_11359.png,false
render_11360.png,false
render_11361.png,true
render_11362.png,false
render_11363.png,true
render_11364.png,false
render_11365.png,true
render_11366.png,true
render_11367.png,true
render_11368.png,false
render_11369.png,false
render_11370.png,false
render_11371.png,false
render_11372.png,false
render_11373.png,true
render_11374.png,false
render_11375.png,false
render_11376.png,false
render_11377.png,false
render_11378.png,true
render_11379.png,true
render_11380.png,false
render_11381.png,false
render_11382.png,false
render_11383.png,false
render_11384.png,false
render_11385.png,true
render_11386.png,true
render_11387.png,true
render_11388.png,false
render_11389.png,true
render_11390.png,false
render_11391.png,false
render_11392.png,false
render_11393.png,false
render_11394.png,false
render_11395.png,false
render_11396.png,true
render_11397.png,true
render_11398.png,true
render_11399.png,true
render_11400.png,false
render_11401.png,true
render_11402.png,false
render_11403.png,true
render_11404.png,false
render_11405.png,true
render_11406.png,false
render_11407.png,false
render_11408.png,false
render_11409.png,false
render_11410.png,true
render_11411.png,true
render_11412.png,true
render_11413.png,true
render_11414.png,true
render_11415.png,false
render_11416.png,true
render_11417.png,false
render_11418.png,false
render_11419.png,true
render_11420.png,false
render_11421.png,false
render_11422.png,false
render_11423.png,true
render_11424.png,true
render_11425.png,true
render_11426.png,true
render_11427.png,true
render_11428.png,true
render_11429.png,false
render_11430.png,false
render_11431.png,false
render_11432.png,true
render_11433.png,true
render_11434.png,true
render_11435.png,true
render_11436.png,false
render_11437.png,true
render_11438.png,true
render_11439.png,true
render_11440.png,true
render_11441.png,true
render_11442.png,false
render_11443.png,true
render_11444.png,false
render_11445.png,true
render_11446.png,false
render_11447.png,true
render_11448.png,true
render_11449.png,true
render_11450.png,true
render_11451.png,true
render_11452.png,true
render_11453.png,false
render_11454.png,false
render_11455.png,true
render_11456.png,false
render_11457.png,true
render_11458.png,false
render_11459.png,false
render_11460.png,true
render_11461.png,false
render_11462.png,true
render_11463.png,true
render_11464.png,true
render_11465.png,true
render_11466.png,true
render_11467.png,false
render_11468.png,false
render_11469.png,false
render_11470.png,false
render_11471.png,false
render_11472.png,true
render_11473.png,false
render_11474.png,false
render_11475.png,false
render_11476.png,true
render_11477.png,false
render_11478.png,false
render_11479.png,false
render_11480.png,true
render_11481.png,false
render_11482.png,true
render_11483.png,false
render_11484.png,true
render_11485.png,true
render_11486.png,false
render_11487.png,false
render_11488.png,true
render_11489.png,false
render_11490.png,true
render_11491.png,false
render_11492.png,true
render_11493.png,false
render_11494.png,true
render_11495.png,false
render_11496.png,false
render_11497.png,false
render_11498.png,false
render_11499.png,true
render_11500.png,true
render_11501.png,false
render_11502.png,true
render_11503.png,true
render_11504.png,false
render_11505.png,false
render_11506.png,true
render_11507.png,false
render_11508.png,true
render_11509.png,false
render_11510.png,true
render_11511.png,false
render_11512.png,false
render_11513.png,false
render_11514.png,true
render_11515.png,false
render_11516.png,false
render_11517.png,false
render_11518.png,true
render_11519.png,true
render_11520.png,true
render_11521.png,true
render_11522.png,true
render_11523.png,true
render_11524.png,false
render_11525.png,true
render_11526.png,true
render_11527.png,true
render_11528.png,false
render_11529.png,true
render_11530.png,false
render_11531.png,false
render_11532.png,false
render_11533.png,true
render_11534.png,false
render_11535.png,false
render_11536.png,true
render_11537.png,true
render_11538.png,false
render_11539.png,false
render_11540.png,false
render_11541.png,true
render_11542.png,false
render_11543.png,true
render_11544.png,true
render_11545.png,false
render_11546.png,false
render_11547.png,true
render_11548.png,true
render_11549.png,true
render_11550.png,true
render_11551.png,true
render_11552.png,false
render_11553.png,true
render_11554.png,true
render_11555.png,false
render_11556.png,true
render_11557.png,true
render_11558.png,false
render_11559.png,true
render_11560.png,true
render_11561.png,true
render_11562.png,true
render_11563.png,true
render_11564.png,false
render_11565.png,false
render_11566.png,true
render_11567.png,true
render_11568.png,false
render_11569.png,false
render_11570.png,true
render_11571.png,true
render_11572.png,true
render_11573.png,false
render_11574.png,true
render_11575.png,false
render_11576.png,false
render_11577.png,true
render_11578.png,false
render_11579.png,false
render_11580.png,false
render_11581.png,true
render_11582.png,true
render_11583.png,true
render_11584.png,true
render_11585.png,false
render_11586.png,false
render_11587.png,true
render_11588.png,true
render_11589.png,true
render_11590.png,false
render_11591.png,true
render_11592.png,false
render_11593.png,true
render_11594.png,false
render_11595.png,true
render_11596.png,true
render_11597.png,false
render_11598.png,true
render_11599.png,false
render_11600.png,true
render_11601.png,true
render_11602.png,false
render_11603.png,false
render_11604.png,false
render_11605.png,false
render_11606.png,false
render_11607.png,true
render_11608.png,true
render_11609.png,false
render_11610.png,false
render_11611.png,false
render_11612.png,false
render_11613.png,false
render_11614.png,true
render_11615.png,false
render_11616.png,false
render_11617.png,true
render_11618.png,false
render_11619.png,true
render_11620.png,false
render_11621.png,true
render_11622.png,true
render_11623.png,true
render_11624.png,false
render_11625.png,false
render_11626.png,true
render_11627.png,false
render_11628.png,false
render_11629.png,false
render_11630.png,false
render_11631.png,true
render_11632.png,false
render_11633.png,true
render_11634.png,false
render_11635.png,true
render_11636.png,true
render_11637.png,true
render_11638.png,true
render_11639.png,true
render_11640.png,false
render_11641.png,false
render_11642.png,true
render_11643.png,true
render_11644.png,false
render_11645.png,true
render_11646.png,false
render_11647.png,true
render_11648.png,true
render_11649.png,false
render_11650.png,false
render_11651.png,true
render_11652.png,true
render_11653.png,true
render_11654.png,false
render_11655.png,false
render_11656.png,false
render_11657.png,false
render_11658.png,true
render_11659.png,false
render_11660.png,false
render_11661.png,false
render_11662.png,false
render_11663.png,true
render_11664.png,false
render_11665.png,true
render_11666.png,true
render_11667.png,false
render_11668.png,false
render_11669.png,false
render_11670.png,true
render_11671.png,true
render_11672.png,false
render_11673.png,false
render_11674.png,false
render_11675.png,true
render_11676.png,false
render_11677.png,true
render_11678.png,true
render_11679.png,false
render_11680.png,false
render_11681.png,true
render_11682.png,true
render_11683.png,false
render_11684.png,true
render_11685.png,false
render_11686.png,false
render_11687.png,true
render_11688.png,true
render_11689.png,false
render_11690.png,false
render_11691.png,false
render_11692.png,true
render_11693.png,false
render_11694.png,false
render_11695.png,false
render_11696.png,false
render_11697.png,true
render_11698.png,true
render_11699.png,false
render_11700.png,false
render_11701.png,false
render_11702.png,true
render_11703.png,false
render_11704.png,false
render_11705.png,true
render_11706.png,false
render_11707.png,false
render_11708.png,true
render_11709.png,true
render_11710.png,true
render_11711.png,false
render_11712.png,false
render_11713.png,false
render_11714.png,false
render_11715.png,false
render_11716.png,true
render_11717.png,false
render_11718.png,true
render_11719.png,true
render_11720.png,true
render_11721.png,false
render_11722.png,false
render_11723.png,false
render_11724.png,true
render_11725.png,false
render_11726.png,true
render_11727.png,true
render_11728.png,false
render_11729.png,true
render_11730.png,true
render_11731.png,false
render_11732.png,true
render_11733.png,false
render_11734.png,true
render_11735.png,false
render_11736.png,false
render_11737.png,true
render_11738.png,true
render_11739.png,false
render_11740.png,false
render_11741.png,true
render_11742.png,false
render_11743.png,false
render_11744.png,false
render_11745.png,true
render_11746.png,false
render_11747.png,true
render_11748.png,false
render_11749.png,true
render_11750.png,true
render_11751.png,true
render_11752.png,true
render_11753.png,false
render_11754.png,true
render_11755.png,true
render_11756.png,true
render_11757.png,false
render_11758.png,false
render_11759.png,false
render_11760.png,false
render_11761.png,false
render_11762.png,true
render_11763.png,true
render_11764.png,true
render_11765.png,false
render_11766.png,true
render_11767.png,true
render_11768.png,true
render_11769.png,false
render_11770.png,true
render_11771.png,false
render_11772.png,true
render_11773.png,false
render_11774.png,false
render_11775.png,true
render_11776.png,false
render_11777.png,false
render_11778.png,false
render_11779.png,false
render_11780.png,true
render_11781.png,false
render_11782.png,false
render_11783.png,false
render_11784.png,false
render_11785.png,true
render_11786.png,false
render_11787.png,true
render_11788.png,false
render_11789.png,true
render_11790.png,false
render_11791.png,false
render_11792.png,true
render_11793.png,false
render_11794.png,false
render_11795.png,true
render_11796.png,false
render_11797.png,true
render_11798.png,true
render_11799.png,false
render_11800.png,true
render_11801.png,false
render_11802.png,false
render_11803.png,false
render_11804.png,false
render_11805.png,false
render_11806.png,false
render_11807.png,true
render_11808.png,false
render_11809.png,true
render_11810.png,true
render_11811.png,true
render_11812.png,true
render_11813.png,false
render_11814.png,true
render_11815.png,false
render_11816.png,true
render_11817.png,true
render_11818.png,false
render_11819.png,true
render_11820.png,false
render_11821.png,true
render_11822.png,false
render_11823.png,false
render_11824.png,false
render_11825.png,false
render_11826.png,true
render_11827.png,false
render_11828.png,true
render_11829.png,false
render_11830.png,true
render_11831.png,false
render_11832.png,false
render_11833.png,false
render_11834.png,false
render_11835.png,false
render_11836.png,true
render_11837.png,true
render_11838.png,true
render_11839.png,true
render_11840.png,false
render_11841.png,false
render_11842.png,true
render_11843.png,true
render_11844.png,false
render_11845.png,true
render_11846.png,true
render_11847.png,false
render_11848.png,true
render_11849.png,true
render_11850.png,true
render_11851.png,true
render_11852.png,false
render_11853.png,false
render_11854.png,false
render_11855.png,true
render_11856.png,true
render_11857.png,false
render_11858.png,false
render_11859.png,true
render_11860.png,false
render_11861.png,false
render_11862.png,false
render_11863.png,true
render_11864.png,true
render_11865.png,true
render_11866.png,false
render_11867.png,true
render_11868.png,true
render_11869.png,false
render_11870.png,false
render_11871.png,true
render_11872.png,true
render_11873.png,false
render_11874.png,true
render_11875.png,true
render_11876.png,false
render_11877.png,true
render_11878.png,false
render_11879.png,false
render_11880.png,true
render_11881.png,false
render_11882.png,true
render_11883.png,true
render_11884.png,true
render_11885.png,true
render_11886.png,false
render_11887.png,true
render_11888.png,true
render_11889.png,true
render_11890.png,false
render_11891.png,true
render_11892.png,true
render_11893.png,true
render_11894.png,false
render_11895.png,false
render_11896.png,true
render_11897.png,false
render_11898.png,true
render_11899.png,false
render_11900.png,true
render_11901.png,true
render_11902.png,true
render_11903.png,true
render_11904.png,true
render_11905.png,false
render_11906.png,false
render_11907.png,true
render_11908.png,true
render_11909.png,true
render_11910.png,false
render_11911.png,false
render_11912.png,true
render_11913.png,false
render_11914.png,false
render_11915.png,true
render_11916.png,true
render_11917.png,false
render_11918.png,false
render_11919.png,false
render_11920.png,false
render_11921.png,false
render_11922.png,false
render_11923.png,false
render_11924.png,true
render_11925.png,true
render_11926.png,true
render_11927.png,false
render_11928.png,true
render_11929.png,true
render_11930.png,true
render_11931.png,true
render_11932.png,false
render_11933.png,false
render_11934.png,false
render_11935.png,true
render_11936.png,false
render_11937.png,true
render_11938.png,false
render_11939.png,false
render_11940.png,true
render_11941.png,false
render_11942.png,false
render_11943.png,false
render_11944.png,true
render_11945.png,false
render_11946.png,true
render_11947.png,true
render_11948.png,true
render_11949.png,true
render_11950.png,true
render_11951.png,true
render_11952.png,true
render_11953.png,false
render_11954.png,true
render_11955.png,false
render_11956.png,true
render_11957.png,true
render_11958.png,true
render_11959.png,false
render_11960.png,false
render_11961.png,true
render_11962.png,false
render_11963.png,true
render_11964.png,false
render_11965.png,false
render_11966.png,true
render_11967.png,true
render_11968.png,true
render_11969.png,false
render_11970.png,false
render_11971.png,false
render_11972.png,true
render_11973.png,true
render_11974.png,false
render_11975.png,true
render_11976.png,true
render_11977.png,true
render_11978.png,true
render_11979.png,true
render_11980.png,false
render_11981.png,false
render_11982.png,true
render_11983.png,false
render_11984.png,true
render_11985.png,true
render_11986.png,true
render_11987.png,true
render_11988.png,true
render_11989.png,true
render_11990.png,true
render_11991.png,true
render_11992.png,false
render_11993.png,true
render_11994.png,false
render_11995.png,false
render_11996.png,true
render_11997.png,true
render_11998.png,true